"Fecha","Cierre","Apertura","Máximo","Mínimo","Vol.","% var."
"31.12.2023","111.89","115.55","115.55","110.31","1.30M","-3.18%"
"24.12.2023","115.57","114.63","116.20","113.38","1.14M","0.78%"
"17.12.2023","114.67","110.15","117.50","109.21","3.27M","3.85%"
"10.12.2023","110.42","102.62","112.00","101.48","2.91M","7.59%"
"03.12.2023","102.63","101.85","103.80","101.38","1.85M","0.72%"
"26.11.2023","101.90","96.85","102.00","96.08","3.46M","5.23%"
"19.11.2023","96.84","94.80","97.04","94.17","1.00M","2.15%"
"12.11.2023","94.80","92.05","95.60","91.77","2.34M","2.64%"
"05.11.2023","92.36","92.68","93.43","91.87","2.35M","0.56%"
"29.10.2023","91.85","90.12","92.82","90.12","1.91M","1.99%"
"22.10.2023","90.06","88.00","91.37","87.35","2.45M","1.35%"
"15.10.2023","88.86","87.98","90.65","87.30","4.31M","1.01%"
"08.10.2023","87.97","90.31","90.80","87.82","4.94M","-2.84%"
"01.10.2023","90.54","91.45","92.69","88.52","2.38M","-1.04%"
"24.09.2023","91.49","94.50","94.66","90.86","2.27M","-3.16%"
"17.09.2023","94.48","97.87","100.68","94.09","2.20M","-3.41%"
"10.09.2023","97.82","100.01","101.28","97.50","9.00M","-2.29%"
"03.09.2023","100.11","106.26","106.26","97.83","3.45M","-5.68%"
"27.08.2023","106.14","106.34","110.21","104.70","2.60M","-0.29%"
"20.08.2023","106.45","105.55","107.50","104.98","2.37M","0.99%"
"13.08.2023","105.41","106.07","107.82","104.83","2.53M","-1.19%"
"06.08.2023","106.68","105.74","107.38","104.14","1.64M","1.20%"
"30.07.2023","105.41","106.05","106.32","104.00","1.25M","-0.14%"
"23.07.2023","105.56","105.49","106.61","104.16","1.56M","0.60%"
"16.07.2023","104.93","106.35","107.23","104.38","1.53M","-1.47%"
"09.07.2023","106.50","105.84","107.86","103.52","1.30M","0.92%"
"02.07.2023","105.53","103.99","105.80","103.83","1.39M","1.17%"
"25.06.2023","104.31","106.97","107.49","103.13","1.61M","-2.39%"
"18.06.2023","106.86","112.09","114.09","105.59","1.53M","-4.85%"
"11.06.2023","112.31","109.93","113.94","108.00","2.55M","3.40%"
"04.06.2023","108.62","104.40","109.35","103.55","1.53M","3.52%"
"28.05.2023","104.93","103.95","105.79","101.78","1.24M","0.98%"
"21.05.2023","103.91","108.18","108.38","102.24","1.00M","-3.75%"
"14.05.2023","107.96","109.99","111.65","107.12","1.11M","-1.29%"
"07.05.2023","109.37","107.34","110.47","107.06","1.52M","1.38%"
"30.04.2023","107.88","108.48","110.30","106.40","1.47M","-1.74%"
"23.04.2023","109.79","107.60","110.48","104.73","1.64M","2.65%"
"16.04.2023","106.96","111.61","111.92","105.02","2.04M","-3.42%"
"09.04.2023","110.75","110.55","113.98","109.09","1.48M","0.85%"
"02.04.2023","109.82","112.70","114.72","109.10","809.82K","-3.00%"
"26.03.2023","113.22","113.41","116.64","111.85","1.29M","-0.60%"
"19.03.2023","113.90","114.44","115.00","112.27","911.73K","0.82%"
"12.03.2023","112.97","114.34","116.51","111.25","1.83M","-1.88%"
"05.03.2023","115.14","115.88","117.92","114.20","1.18M","-0.29%"
"26.02.2023","115.47","112.22","115.50","110.08","1.51M","3.27%"
"19.02.2023","111.81","114.48","114.78","109.35","1.16M","-2.66%"
"12.02.2023","114.87","115.56","116.70","113.29","1.61M","-0.61%"
"05.02.2023","115.57","117.15","119.07","112.65","1.75M","-2.89%"
"29.01.2023","119.01","117.73","119.93","115.83","3.56M","1.80%"
"22.01.2023","116.90","119.42","119.93","116.51","1.73M","-1.67%"
"15.01.2023","118.89","118.20","119.83","115.91","1.74M","0.58%"
"08.01.2023","118.21","117.19","119.81","115.81","2.11M","1.08%"
"01.01.2023","116.95","115.42","118.04","112.80","698.43K","1.77%"
"25.12.2022","114.92","113.00","116.71","112.52","578.95K","1.82%"
"18.12.2022","112.87","117.33","117.33","111.50","1.04M","-3.71%"
"11.12.2022","117.22","119.38","120.84","116.82","1.77M","-1.90%"
"04.12.2022","119.49","112.40","120.00","112.00","2.11M","6.19%"
"27.11.2022","112.53","112.69","114.62","111.00","2.40M","0.03%"
"20.11.2022","112.50","111.00","113.93","111.00","2.43M","1.11%"
"13.11.2022","111.26","104.15","112.45","102.11","4.93M","6.15%"
"06.11.2022","104.81","102.01","105.07","99.82","1.70M","3.45%"
"30.10.2022","101.31","99.60","103.93","98.11","1.64M","1.99%"
"23.10.2022","99.33","93.60","100.46","93.60","1.69M","6.05%"
"16.10.2022","93.66","90.55","95.03","89.29","3.45M","4.17%"
"09.10.2022","89.91","91.20","91.20","87.89","2.25M","-1.60%"
"02.10.2022","91.37","88.50","92.55","87.85","3.34M","3.24%"
"25.09.2022","88.50","90.75","90.80","86.48","2.09M","-1.74%"
"18.09.2022","90.07","96.00","96.00","89.39","3.31M","-7.49%"
"11.09.2022","97.36","97.71","99.45","96.73","1.16M","-0.42%"
"04.09.2022","97.77","91.86","98.38","90.51","3.35M","6.40%"
"28.08.2022","91.89","93.57","94.23","88.06","2.28M","-2.05%"
"21.08.2022","93.81","94.88","96.48","92.90","1.81M","-1.20%"
"14.08.2022","94.95","92.18","96.56","91.60","2.24M","3.58%"
"07.08.2022","91.67","91.49","92.80","87.89","4.29M","1.06%"
"31.07.2022","90.71","91.65","93.98","90.00","5.31M","-0.84%"
"24.07.2022","91.48","89.03","92.49","88.57","2.72M","2.28%"
"17.07.2022","89.44","90.20","91.87","88.21","2.26M","-0.99%"
"10.07.2022","90.33","89.60","90.97","87.43","2.14M","0.89%"
"03.07.2022","89.53","88.52","90.65","86.12","1.22M","2.03%"
"26.06.2022","87.75","92.55","93.00","86.39","1.98M","-5.94%"
"19.06.2022","93.29","91.31","96.49","88.11","2.90M","2.36%"
"12.06.2022","91.14","100.41","100.41","89.65","4.32M","-9.57%"
"05.06.2022","100.78","103.34","104.48","99.32","1.26M","-2.75%"
"29.05.2022","103.63","98.51","104.88","96.42","2.02M","4.74%"
"22.05.2022","98.94","100.48","102.80","97.71","1.48M","-1.00%"
"15.05.2022","99.94","100.30","104.39","98.31","1.94M","0.45%"
"08.05.2022","99.49","101.01","104.16","98.00","1.82M","-2.43%"
"01.05.2022","101.97","103.01","105.97","101.22","1.00M","-0.88%"
"24.04.2022","102.88","105.45","106.54","101.54","976.82K","-2.44%"
"17.04.2022","105.45","107.40","110.97","104.95","858.14K","-2.02%"
"10.04.2022","107.62","106.37","114.00","101.60","2.72M","1.86%"
"03.04.2022","105.66","100.00","106.60","99.20","1.90M","5.65%"
"27.03.2022","100.01","98.57","102.24","98.57","1.34M","1.05%"
"20.03.2022","98.97","100.48","101.03","95.96","2.03M","-1.56%"
"13.03.2022","100.54","100.64","101.00","98.24","3.30M","-0.66%"
"06.03.2022","101.21","100.72","103.00","96.97","1.19M","0.51%"
"27.02.2022","100.70","98.30","104.65","98.00","1.38M","2.43%"
"20.02.2022","98.31","102.20","102.25","95.01","1.05M","-3.79%"
"13.02.2022","102.18","97.16","103.49","94.23","1.44M","4.00%"
"06.02.2022","98.25","94.50","98.62","93.23","1.76M","3.96%"
"30.01.2022","94.51","95.05","99.95","93.61","1.64M","-0.63%"
"23.01.2022","95.11","95.15","97.80","90.61","1.98M","-0.43%"
"16.01.2022","95.52","91.37","98.20","90.00","2.38M","5.13%"
"09.01.2022","90.86","88.00","96.10","86.33","5.55M","2.83%"
"02.01.2022","88.36","88.56","90.62","86.41","2.80M","-0.45%"
"26.12.2021","88.76","86.99","89.10","86.03","733.49K","1.94%"
"19.12.2021","87.07","86.99","87.76","83.76","1.69M","-0.75%"
"12.12.2021","87.73","87.60","88.99","85.14","1.65M","0.25%"
"05.12.2021","87.51","87.73","92.00","86.00","1.08M","1.43%"
"28.11.2021","86.28","82.20","89.69","80.29","2.53M","4.99%"
"21.11.2021","82.18","85.46","86.09","79.60","1.20M","-3.69%"
"14.11.2021","85.33","88.99","90.47","84.69","1.95M","-4.07%"
"07.11.2021","88.95","89.35","93.07","87.76","1.46M","-0.10%"
"31.10.2021","89.04","92.00","95.42","88.80","1.85M","-2.25%"
"24.10.2021","91.09","92.34","93.67","89.86","1.23M","-1.35%"
"17.10.2021","92.34","87.35","93.24","85.30","3.23M","6.10%"
"10.10.2021","87.03","84.47","87.88","82.73","1.30M","3.09%"
"03.10.2021","84.42","84.00","86.30","81.35","779.06K","0.36%"
"26.09.2021","84.12","90.50","90.90","83.73","3.30M","-7.05%"
"19.09.2021","90.50","87.55","90.57","84.04","1.24M","3.52%"
"12.09.2021","87.42","86.40","91.93","85.14","1.13M","0.55%"
"05.09.2021","86.94","89.35","89.35","85.90","816.87K","-1.27%"
"29.08.2021","88.06","88.50","90.72","87.78","552.58K","-1.43%"
"22.08.2021","89.34","88.88","90.78","87.14","762.08K","1.47%"
"15.08.2021","88.05","90.91","92.68","87.31","643.28K","-5.00%"
"08.08.2021","92.68","92.50","93.97","87.22","1.34M","-0.24%"
"01.08.2021","92.90","94.40","97.05","91.50","1.40M","-1.28%"
"25.07.2021","94.10","91.73","94.30","91.00","1.28M","2.09%"
"18.07.2021","92.17","89.20","92.79","86.01","1.68M","1.78%"
"11.07.2021","90.56","89.15","94.30","86.17","1.61M","0.97%"
"04.07.2021","89.69","90.00","90.36","87.51","4.27M","-0.41%"
"27.06.2021","90.06","91.90","92.00","87.39","1.08M","-1.57%"
"20.06.2021","91.50","88.80","92.80","87.00","3.08M","3.35%"
"13.06.2021","88.53","91.10","91.80","87.32","1.87M","-2.42%"
"06.06.2021","90.73","87.12","91.69","85.51","2.18M","4.25%"
"30.05.2021","87.03","84.00","87.70","83.22","799.92K","4.28%"
"23.05.2021","83.46","88.00","89.00","81.00","1.20M","-4.80%"
"16.05.2021","87.67","81.40","90.39","80.03","1.29M","7.77%"
"09.05.2021","81.35","83.26","85.00","80.00","1.03M","-2.29%"
"02.05.2021","83.26","86.50","87.00","81.19","1.32M","-2.84%"
"25.04.2021","85.69","80.14","86.30","78.34","2.23M","7.06%"
"18.04.2021","80.04","78.20","80.79","76.52","2.25M","2.64%"
"11.04.2021","77.98","74.85","79.99","72.03","3.24M","4.11%"
"04.04.2021","74.90","71.52","75.50","71.52","2.43M","4.57%"
"28.03.2021","71.63","71.72","75.00","70.52","1.14M","0.60%"
"21.03.2021","71.20","68.00","73.50","67.00","3.52M","6.02%"
"14.03.2021","67.16","65.56","69.05","65.00","5.99M","2.19%"
"07.03.2021","65.72","63.02","66.20","62.64","2.80M","3.63%"
"28.02.2021","63.42","64.01","66.00","62.06","1.65M","0.14%"
"21.02.2021","63.33","66.05","67.03","61.00","1.35M","-4.44%"
"14.02.2021","66.27","65.94","67.44","65.70","715.51K","0.67%"
"07.02.2021","65.83","65.65","69.70","65.20","1.79M","0.94%"
"31.01.2021","65.22","65.60","66.84","64.40","1.89M","-0.44%"
"24.01.2021","65.51","66.81","67.42","64.76","1.04M","-1.95%"
"17.01.2021","66.81","69.42","69.42","66.25","2.01M","-3.76%"
"10.01.2021","69.42","70.50","71.38","66.42","1.62M","-1.69%"
"03.01.2021","70.61","70.49","70.90","69.01","1.17M","1.03%"
"27.12.2020","69.89","70.85","71.89","68.50","524.94K","-0.48%"
"20.12.2020","70.23","68.50","70.40","67.00","1.21M","0.72%"
"13.12.2020","69.73","70.70","72.50","69.35","2.84M","-1.08%"
"06.12.2020","70.49","74.60","76.40","70.11","5.36M","-5.26%"
"29.11.2020","74.40","67.69","74.90","65.58","4.63M","9.98%"
"22.11.2020","67.65","64.75","68.70","63.70","3.21M","4.66%"
"15.11.2020","64.64","64.13","66.79","63.70","1.80M","1.28%"
"08.11.2020","63.82","60.00","64.36","60.00","3.48M","9.58%"
"01.11.2020","58.24","57.96","59.49","55.27","1.78M","2.01%"
"25.10.2020","57.09","62.61","62.73","54.81","1.50M","-8.58%"
"18.10.2020","62.45","63.22","64.52","59.01","3.79M","-1.22%"
"11.10.2020","63.22","62.54","65.00","61.32","3.81M","2.12%"
"04.10.2020","61.91","60.74","62.69","58.60","2.68M","2.87%"
"27.09.2020","60.18","62.00","64.19","59.60","2.68M","-2.81%"
"20.09.2020","61.92","57.01","62.50","55.95","2.30M","7.82%"
"13.09.2020","57.43","59.39","59.59","56.96","2.62M","-2.31%"
"06.09.2020","58.79","55.00","59.00","54.00","2.08M","6.60%"
"30.08.2020","55.15","58.01","58.65","54.54","2.16M","-5.42%"
"23.08.2020","58.31","55.90","58.86","55.07","1.54M","5.18%"
"16.08.2020","55.44","57.10","58.43","55.30","2.41M","-2.82%"
"09.08.2020","57.05","54.10","57.20","53.10","2.17M","5.69%"
"02.08.2020","53.98","54.35","54.99","52.38","3.67M","-1.06%"
"26.07.2020","54.56","58.00","58.99","54.36","2.23M","-5.41%"
"19.07.2020","57.68","55.25","58.19","53.71","3.25M","4.13%"
"12.07.2020","55.39","54.40","56.00","52.90","2.77M","1.11%"
"05.07.2020","54.78","55.00","55.79","52.77","3.20M","0.00%"
"28.06.2020","54.78","56.42","57.00","54.00","2.34M","-2.16%"
"21.06.2020","55.99","56.00","58.27","55.64","2.80M","0.09%"
"14.06.2020","55.94","56.21","58.05","55.39","3.17M","-2.20%"
"07.06.2020","57.20","60.50","64.68","55.14","6.18M","-4.87%"
"31.05.2020","60.13","55.45","60.32","55.20","11.43M","8.38%"
"24.05.2020","55.48","52.60","57.66","51.48","48.84M","6.18%"
"17.05.2020","52.25","54.54","56.11","50.71","5.26M","-3.35%"
"10.05.2020","54.06","60.50","60.50","52.21","9.50M","-11.13%"
"03.05.2020","60.83","60.71","62.11","56.54","3.12M","0.20%"
"26.04.2020","60.71","58.71","64.39","55.31","4.34M","3.41%"
"19.04.2020","58.71","67.49","68.05","57.62","4.33M","-13.67%"
"12.04.2020","68.01","63.59","72.58","63.47","7.55M","8.02%"
"05.04.2020","62.96","52.00","63.49","50.94","2.10M","24.45%"
"29.03.2020","50.59","58.90","59.88","48.69","4.16M","-14.09%"
"22.03.2020","58.89","67.52","69.15","58.51","3.61M","-12.22%"
"15.03.2020","67.09","88.00","91.28","64.07","7.02M","-24.52%"
"08.03.2020","88.89","88.46","91.40","78.57","4.34M","-3.86%"
"01.03.2020","92.46","91.82","95.74","89.21","2.81M","0.71%"
"23.02.2020","91.81","91.90","95.64","81.11","3.93M","-0.89%"
"16.02.2020","92.63","94.48","94.83","92.01","832.25K","-1.10%"
"09.02.2020","93.66","94.00","96.47","93.02","1.41M","-0.36%"
"02.02.2020","94.00","100.63","100.63","92.11","1.89M","-5.85%"
"26.01.2020","99.84","100.08","101.00","96.11","1.68M","-1.51%"
"19.01.2020","101.37","102.40","104.54","99.44","2.05M","-1.27%"
"12.01.2020","102.67","99.23","102.99","97.67","1.79M","3.29%"
"05.01.2020","99.40","98.38","99.88","95.82","2.03M","0.67%"
"29.12.2019","98.74","97.74","99.20","93.51","992.85K","1.44%"
"22.12.2019","97.34","99.55","100.19","96.83","1.41M","-2.37%"
"15.12.2019","99.70","98.12","100.00","96.46","3.06M","1.85%"
"08.12.2019","97.89","91.87","99.50","91.44","1.72M","7.07%"
"01.12.2019","91.43","96.14","96.39","91.12","1.68M","-5.19%"
"24.11.2019","96.43","98.60","99.90","94.70","2.97M","-1.68%"
"17.11.2019","98.08","100.37","100.44","97.17","1.37M","-1.94%"
"10.11.2019","100.02","97.50","100.80","96.52","1.95M","2.24%"
"03.11.2019","97.83","100.70","101.39","96.65","1.81M","-2.46%"
"27.10.2019","100.30","99.45","101.43","98.00","1.96M","1.24%"
"20.10.2019","99.07","108.00","110.37","98.34","2.84M","-7.80%"
"13.10.2019","107.45","108.42","111.90","107.10","1.78M","-1.13%"
"06.10.2019","108.68","107.50","110.48","104.80","1.49M","0.59%"
"29.09.2019","108.04","106.01","109.64","99.97","1.30M","0.09%"
"22.09.2019","107.94","111.75","111.75","105.02","1.65M","-3.20%"
"15.09.2019","111.51","110.00","111.90","107.80","2.49M","1.15%"
"08.09.2019","110.24","107.46","110.50","104.30","1.23M","2.92%"
"01.09.2019","107.11","103.97","107.44","102.00","1.90M","3.02%"
"25.08.2019","103.97","95.01","104.32","93.05","3.64M","10.27%"
"18.08.2019","94.29","97.44","101.00","93.46","2.66M","-2.69%"
"11.08.2019","96.90","103.45","103.84","94.11","2.52M","-6.74%"
"04.08.2019","103.90","96.00","104.40","93.56","2.51M","7.79%"
"28.07.2019","96.39","92.99","96.83","90.74","2.41M","4.76%"
"21.07.2019","92.01","96.56","96.70","89.00","7.40M","-4.35%"
"14.07.2019","96.19","103.65","105.00","95.50","2.39M","-6.61%"
"07.07.2019","103.00","105.78","106.38","101.80","1.75M","-2.29%"
"30.06.2019","105.41","107.00","108.30","104.82","1.09M","-1.37%"
"23.06.2019","106.87","105.76","108.50","104.62","1.37M","1.45%"
"16.06.2019","105.34","104.71","109.50","104.58","2.31M","0.35%"
"09.06.2019","104.97","104.51","109.21","104.51","3.34M","1.58%"
"02.06.2019","103.34","110.16","110.48","102.73","3.45M","-5.81%"
"26.05.2019","109.72","110.03","112.98","109.00","3.79M","-0.27%"
"19.05.2019","110.02","114.97","116.28","110.00","2.57M","-3.50%"
"12.05.2019","114.01","118.24","119.00","112.46","2.22M","-3.91%"
"05.05.2019","118.65","119.23","119.60","115.00","1.71M","-0.49%"
"28.04.2019","119.23","122.44","123.42","118.71","1.14M","-2.29%"
"21.04.2019","122.03","120.49","123.63","115.20","1.39M","1.94%"
"14.04.2019","119.71","119.44","121.99","118.55","741.96K","0.23%"
"07.04.2019","119.44","123.01","124.97","118.55","1.55M","-2.43%"
"31.03.2019","122.42","122.84","123.98","120.15","2.18M","-0.55%"
"24.03.2019","123.10","119.21","123.64","117.01","2.09M","3.19%"
"17.03.2019","119.29","117.35","121.99","115.06","2.15M","2.66%"
"10.03.2019","116.20","116.38","120.20","113.61","2.13M","-0.16%"
"03.03.2019","116.39","119.31","120.51","115.44","2.38M","-2.28%"
"24.02.2019","119.11","122.69","124.46","117.50","2.62M","-2.50%"
"17.02.2019","122.17","120.68","122.47","117.44","1.87M","1.79%"
"10.02.2019","120.02","120.68","123.11","116.11","3.19M","-0.51%"
"03.02.2019","120.63","123.76","126.86","120.50","1.66M","-1.67%"
"27.01.2019","122.68","123.95","126.88","119.57","2.73M","-1.02%"
"20.01.2019","123.95","129.00","130.66","121.56","1.99M","-2.81%"
"13.01.2019","127.54","131.50","133.60","126.50","2.28M","-2.89%"
"06.01.2019","131.34","129.68","136.00","129.06","2.56M","1.02%"
"30.12.2018","130.02","127.98","131.98","125.17","960.78K","1.60%"
"23.12.2018","127.97","124.47","129.99","123.51","576.12K","2.92%"
"16.12.2018","124.34","128.20","135.00","123.36","3.03M","-2.78%"
"09.12.2018","127.89","124.89","128.51","121.60","1.43M","3.40%"
"02.12.2018","123.68","123.68","126.00","119.41","1.61M","1.96%"
"25.11.2018","121.30","122.30","127.89","109.00","4.94M","-1.88%"
"18.11.2018","123.62","130.59","135.95","122.78","1.20M","-6.00%"
"11.11.2018","131.51","133.71","137.00","125.90","2.84M","-2.97%"
"04.11.2018","135.53","130.87","143.76","126.10","4.01M","3.78%"
"28.10.2018","130.59","145.64","149.31","126.06","4.19M","-10.10%"
"21.10.2018","145.26","143.82","152.97","138.28","3.95M","0.97%"
"14.10.2018","143.87","142.40","146.70","139.10","1.86M","1.22%"
"07.10.2018","142.13","143.51","144.00","138.51","1.76M","0.25%"
"30.09.2018","141.78","141.00","144.99","139.51","1.18M","0.95%"
"23.09.2018","140.44","139.36","142.96","136.85","917.57K","1.28%"
"16.09.2018","138.66","140.00","146.19","137.80","2.63M","-0.95%"
"09.09.2018","139.99","133.16","140.00","131.69","2.31M","5.71%"
"02.09.2018","132.43","135.71","135.72","130.80","977.63K","-1.55%"
"26.08.2018","134.51","138.01","141.00","133.36","2.76M","-1.95%"
"19.08.2018","137.19","131.00","139.00","131.00","1.96M","4.68%"
"12.08.2018","131.06","133.99","137.74","129.05","1.18M","-1.33%"
"05.08.2018","132.82","138.88","139.00","129.12","2.24M","-3.59%"
"29.07.2018","137.77","136.50","141.00","133.76","2.34M","4.17%"
"22.07.2018","132.25","134.00","138.97","129.10","1.72M","-2.43%"
"15.07.2018","135.55","137.15","137.91","132.33","1.09M","-1.66%"
"08.07.2018","137.84","132.55","138.99","132.43","1.91M","3.99%"
"01.07.2018","132.55","126.94","137.01","125.39","1.62M","4.01%"
"24.06.2018","127.44","118.72","130.00","117.51","1.98M","7.83%"
"17.06.2018","118.19","119.15","122.30","113.09","2.24M","-0.81%"
"10.06.2018","119.15","116.57","119.80","115.70","2.57M","2.55%"
"03.06.2018","116.19","111.16","116.42","108.72","2.15M","4.53%"
"27.05.2018","111.16","112.96","115.29","110.00","2.52M","-1.64%"
"20.05.2018","113.01","113.82","115.77","109.50","4.32M","0.41%"
"13.05.2018","112.55","119.38","119.80","108.50","3.36M","-5.17%"
"06.05.2018","118.68","118.23","120.39","115.27","1.79M","0.47%"
"29.04.2018","118.13","126.43","127.89","117.80","1.89M","-6.56%"
"22.04.2018","126.43","129.35","130.91","124.30","1.62M","-3.41%"
"15.04.2018","130.90","137.70","139.49","128.35","1.77M","-4.92%"
"08.04.2018","137.67","136.25","141.92","136.25","1.36M","1.05%"
"01.04.2018","136.24","136.50","141.00","132.97","1.75M","0.55%"
"25.03.2018","135.50","137.07","139.40","134.38","1.26M","-1.15%"
"18.03.2018","137.07","135.80","139.97","132.28","2.10M","3.48%"
"11.03.2018","132.46","136.76","139.96","130.23","2.36M","-3.13%"
"04.03.2018","136.74","125.32","137.69","124.41","2.08M","8.21%"
"25.02.2018","126.37","134.82","134.83","125.00","1.32M","-5.97%"
"18.02.2018","134.39","132.00","136.19","130.11","2.96M","2.18%"
"11.02.2018","131.52","132.30","132.45","128.42","2.21M","1.69%"
"04.02.2018","129.33","130.06","134.45","128.02","2.32M","-4.99%"
"28.01.2018","136.12","139.40","141.14","135.68","1.91M","-2.54%"
"21.01.2018","139.67","131.00","139.99","129.53","2.86M","6.61%"
"14.01.2018","131.01","128.39","133.50","126.80","1.67M","2.94%"
"07.01.2018","127.27","131.20","131.98","122.10","1.99M","-1.58%"
"31.12.2017","129.31","124.98","132.44","124.92","1.41M","4.03%"
"24.12.2017","124.30","121.96","125.52","121.50","842.42K","1.74%"
"17.12.2017","122.18","123.38","128.00","122.00","3.43M","-0.46%"
"10.12.2017","122.75","117.90","123.61","115.47","4.19M","3.67%"
"03.12.2017","118.41","126.68","126.68","118.01","2.98M","-4.71%"
"26.11.2017","124.26","126.01","130.00","121.00","4.26M","-2.46%"
"19.11.2017","127.39","126.78","129.26","125.57","1.15M","0.24%"
"12.11.2017","127.09","132.45","132.45","126.51","1.98M","-2.00%"
"05.11.2017","129.68","128.47","133.55","127.38","4.65M","2.24%"
"29.10.2017","126.84","132.31","132.84","124.13","2.40M","-4.22%"
"22.10.2017","132.43","136.03","137.80","131.58","5.45M","-2.78%"
"15.10.2017","136.22","140.30","144.95","135.19","3.20M","-2.79%"
"08.10.2017","140.13","145.91","145.99","139.64","2.81M","-3.75%"
"01.10.2017","145.59","146.01","149.68","145.00","2.21M","-0.96%"
"24.09.2017","147.00","150.10","151.99","145.73","2.62M","-2.02%"
"17.09.2017","150.03","157.42","157.63","149.00","1.80M","-4.68%"
"10.09.2017","157.40","155.70","157.80","151.20","2.25M","2.06%"
"03.09.2017","154.23","162.00","162.50","153.77","2.25M","-4.92%"
"27.08.2017","162.21","165.99","166.10","156.25","2.70M","-2.06%"
"20.08.2017","165.63","163.81","168.86","163.00","2.41M","1.12%"
"13.08.2017","163.79","162.49","165.01","160.58","1.99M","0.43%"
"06.08.2017","163.09","168.52","169.01","160.12","3.06M","-2.70%"
"30.07.2017","167.62","160.99","168.99","158.30","3.73M","4.89%"
"23.07.2017","159.80","151.50","162.60","149.00","4.50M","5.28%"
"16.07.2017","151.78","150.19","153.25","149.02","2.01M","1.06%"
"09.07.2017","150.19","140.01","150.35","140.01","6.09M","6.71%"
"02.07.2017","140.75","144.97","145.15","138.50","2.33M","-1.69%"
"25.06.2017","143.17","144.36","145.57","142.06","4.07M","-0.44%"
"18.06.2017","143.80","145.00","145.11","141.31","2.00M","-0.98%"
"11.06.2017","145.22","143.41","146.90","140.58","3.07M","2.30%"
"04.06.2017","141.95","144.59","145.59","140.11","2.84M","-1.18%"
"28.05.2017","143.65","148.58","148.58","140.10","9.12M","-3.59%"
"21.05.2017","149.00","148.93","151.00","145.01","11.17M","5.04%"
"14.05.2017","141.85","145.19","145.19","140.00","2.12M","-2.08%"
"07.05.2017","144.86","144.90","145.00","140.79","3.17M","0.85%"
"30.04.2017","143.64","145.33","146.90","140.52","1.53M","-1.09%"
"23.04.2017","145.23","150.50","154.97","145.00","2.69M","-3.38%"
"16.04.2017","150.31","145.40","151.70","145.01","1.99M","3.35%"
"09.04.2017","145.44","149.54","150.18","144.28","940.73K","-2.82%"
"02.04.2017","149.66","146.32","151.84","146.32","2.15M","2.41%"
"26.03.2017","146.14","154.07","154.16","144.63","2.93M","-6.25%"
"19.03.2017","155.88","146.55","156.78","146.14","2.74M","6.37%"
"12.03.2017","146.55","139.04","147.68","138.00","3.43M","4.22%"
"05.03.2017","140.61","140.20","143.89","138.51","2.26M","0.44%"
"26.02.2017","139.99","139.20","142.00","138.00","2.66M","1.15%"
"19.02.2017","138.40","136.79","140.80","135.61","2.92M","1.18%"
"12.02.2017","136.79","138.16","142.44","135.01","1.77M","-0.99%"
"05.02.2017","138.16","139.85","141.98","135.32","2.85M","-1.29%"
"29.01.2017","139.97","138.50","140.66","131.01","4.96M","1.50%"
"22.01.2017","137.90","130.52","139.29","130.50","4.97M","5.34%"
"15.01.2017","130.91","137.12","140.09","130.51","2.62M","-4.54%"
"08.01.2017","137.14","144.02","144.10","136.77","2.93M","-5.00%"
"01.01.2017","144.36","149.51","150.96","141.31","2.46M","-3.47%"
"25.12.2016","149.55","150.00","152.00","148.91","2.00M","-0.30%"
"18.12.2016","150.00","151.99","152.61","148.49","2.51M","-1.16%"
"11.12.2016","151.76","155.74","157.99","151.40","2.57M","-1.59%"
"04.12.2016","154.21","153.68","158.28","151.00","2.73M","0.34%"
"27.11.2016","153.68","158.28","164.54","152.28","4.68M","-3.21%"
"20.11.2016","158.78","158.01","160.95","153.20","1.98M","1.45%"
"13.11.2016","156.51","159.00","167.99","155.05","6.12M","-1.30%"
"06.11.2016","158.57","193.00","198.00","157.10","7.41M","-16.25%"
"30.10.2016","189.34","199.88","200.00","188.00","2.26M","-4.70%"
"23.10.2016","198.68","206.50","208.89","190.01","2.37M","-4.69%"
"16.10.2016","208.45","204.90","209.90","202.04","1.36M","1.89%"
"09.10.2016","204.59","205.94","207.20","201.00","1.37M","2.07%"
"02.10.2016","200.44","203.30","207.00","199.30","1.89M","-1.38%"
"25.09.2016","203.24","202.00","210.40","199.96","1.85M","-0.17%"
"18.09.2016","203.58","200.28","205.00","199.00","1.77M","1.37%"
"11.09.2016","200.83","200.50","206.69","199.92","3.14M","-0.80%"
"04.09.2016","202.44","202.00","206.99","200.25","3.50M","-0.89%"
"28.08.2016","204.25","203.55","208.47","201.15","1.66M","0.69%"
"21.08.2016","202.85","200.46","209.99","200.10","2.53M","0.62%"
"14.08.2016","201.61","197.56","202.24","197.56","4.54M","2.12%"
"07.08.2016","197.42","186.50","197.44","186.49","6.59M","5.82%"
"31.07.2016","186.56","183.63","186.69","179.01","4.56M","2.66%"
"24.07.2016","181.73","186.45","188.50","180.15","2.08M","-3.03%"
"17.07.2016","187.40","183.34","188.55","183.30","1.61M","1.41%"
"10.07.2016","184.79","181.71","189.13","181.71","6.01M","1.89%"
"03.07.2016","181.36","196.10","197.56","180.61","4.68M","-7.51%"
"26.06.2016","196.08","194.85","196.78","188.70","2.13M","0.63%"
"19.06.2016","194.85","198.00","200.25","190.02","1.16M","-1.50%"
"12.06.2016","197.81","202.12","203.43","195.06","1.87M","-2.28%"
"05.06.2016","202.42","201.31","206.00","201.30","2.40M","-0.02%"
"29.05.2016","202.47","203.75","204.00","198.00","3.16M","-0.63%"
"22.05.2016","203.75","197.50","204.50","197.09","2.33M","2.70%"
"15.05.2016","198.40","192.51","204.89","190.16","4.67M","3.21%"
"08.05.2016","192.23","186.12","195.76","184.50","6.67M","3.28%"
"01.05.2016","186.12","192.72","193.72","183.21","1.70M","-4.83%"
"24.04.2016","195.57","191.09","195.99","186.76","2.69M","2.86%"
"17.04.2016","190.14","192.00","194.57","186.93","2.67M","-1.42%"
"10.04.2016","192.88","198.73","198.98","190.62","2.04M","-2.57%"
"03.04.2016","197.97","202.60","202.69","195.50","2.40M","-1.34%"
"27.03.2016","200.66","202.31","205.98","197.00","2.37M","0.20%"
"20.03.2016","200.25","204.50","204.50","197.35","677.80K","-0.86%"
"13.03.2016","201.98","198.00","207.90","192.91","3.07M","2.63%"
"06.03.2016","196.81","196.63","201.37","192.01","3.44M","0.10%"
"28.02.2016","196.62","202.98","208.00","196.06","3.27M","-2.53%"
"21.02.2016","201.73","208.85","211.52","199.73","2.26M","-2.56%"
"14.02.2016","207.02","207.84","211.99","203.11","1.70M","0.10%"
"07.02.2016","206.81","211.00","214.09","204.46","1.18M","-2.54%"
"31.01.2016","212.19","217.44","218.40","208.00","1.78M","-1.93%"
"24.01.2016","216.36","197.26","220.99","196.62","2.70M","9.68%"
"17.01.2016","197.26","194.89","202.98","190.92","3.35M","1.13%"
"10.01.2016","195.05","207.60","211.63","193.54","2.76M","-6.42%"
"03.01.2016","208.43","207.71","213.18","203.99","1.57M","-0.80%"
"27.12.2015","210.11","212.15","214.64","203.82","517.64K","-1.44%"
"20.12.2015","213.18","208.63","217.60","206.92","605.31K","2.69%"
"13.12.2015","207.60","208.21","218.00","204.12","2.43M","-0.29%"
"06.12.2015","208.21","217.10","219.80","207.04","1.85M","-4.13%"
"29.11.2015","217.19","232.82","232.82","212.01","4.10M","-4.88%"
"22.11.2015","228.33","230.00","234.30","226.50","995.85K","-0.54%"
"15.11.2015","229.57","227.60","230.18","216.40","1.43M","1.42%"
"08.11.2015","226.35","226.00","228.90","221.00","1.45M","-0.30%"
"01.11.2015","227.04","229.33","230.96","223.00","1.80M","-1.02%"
"25.10.2015","229.39","238.00","244.85","228.93","3.00M","-4.58%"
"18.10.2015","240.41","242.52","244.81","237.52","2.28M","-0.72%"
"11.10.2015","242.16","237.00","249.28","235.82","2.88M","1.24%"
"04.10.2015","239.19","221.00","240.00","220.99","2.66M","8.58%"
"27.09.2015","220.29","210.00","220.92","208.99","4.63M","3.60%"
"20.09.2015","212.63","208.00","216.00","202.87","2.36M","3.27%"
"13.09.2015","205.89","210.06","225.00","205.01","11.43M","-2.13%"
"06.09.2015","210.38","205.01","212.70","204.00","2.15M","0.20%"
"30.08.2015","209.95","192.79","211.06","192.02","4.22M","8.91%"
"23.08.2015","192.77","184.85","193.22","173.29","2.56M","3.57%"
"16.08.2015","186.12","189.09","194.50","185.50","2.24M","-1.93%"
"09.08.2015","189.79","193.93","194.86","181.17","1.93M","-1.60%"
"02.08.2015","192.87","188.00","193.93","187.50","2.35M","2.26%"
"26.07.2015","188.60","189.12","193.82","180.80","2.42M","-0.27%"
"19.07.2015","189.12","195.00","195.00","186.96","1.32M","-2.01%"
"12.07.2015","193.00","186.67","198.48","185.55","1.65M","3.71%"
"05.07.2015","186.09","182.10","191.00","180.00","1.69M","1.63%"
"28.06.2015","183.11","178.10","185.69","178.10","1.60M","-1.03%"
"21.06.2015","185.01","177.88","185.95","177.39","2.06M","4.00%"
"14.06.2015","177.90","178.15","180.00","175.41","1.64M","-0.15%"
"07.06.2015","178.17","173.12","180.00","173.12","3.77M","1.58%"
"31.05.2015","175.40","172.50","177.99","170.50","2.20M","1.29%"
"24.05.2015","173.17","170.64","174.98","170.41","1.94M","1.57%"
"17.05.2015","170.50","173.19","174.90","170.01","1.04M","-1.67%"
"10.05.2015","173.39","176.00","176.02","169.00","934.23K","-1.55%"
"03.05.2015","176.12","168.53","179.22","165.26","1.62M","4.50%"
"26.04.2015","168.53","179.00","179.00","164.01","1.82M","-4.53%"
"19.04.2015","176.52","175.77","178.68","172.39","1.44M","1.12%"
"12.04.2015","174.57","174.45","183.64","173.51","1.41M","-0.02%"
"05.04.2015","174.61","179.00","187.18","172.12","1.93M","-2.39%"
"29.03.2015","178.89","175.61","181.43","174.07","698.20K","1.87%"
"22.03.2015","175.61","177.56","180.90","168.02","3.14M","-1.30%"
"15.03.2015","177.92","175.06","182.00","168.31","2.74M","1.63%"
"08.03.2015","175.06","168.98","179.98","165.00","1.82M","2.72%"
"01.03.2015","170.43","167.90","174.00","163.50","2.52M","0.91%"
"22.02.2015","168.90","165.00","170.00","162.06","1.85M","1.36%"
"15.02.2015","166.64","160.00","168.32","157.01","745.30K","3.41%"
"08.02.2015","161.14","154.79","162.00","153.00","2.25M","3.31%"
"01.02.2015","155.98","159.00","160.00","151.55","1.59M","1.57%"
"25.01.2015","153.57","152.12","158.05","146.50","1.92M","1.58%"
"18.01.2015","151.18","141.00","152.30","141.00","1.94M","5.91%"
"11.01.2015","142.75","147.48","148.00","140.01","1.93M","-2.17%"
"04.01.2015","145.91","142.00","148.20","138.60","2.11M","1.32%"
"28.12.2014","144.01","147.40","149.85","143.40","817.06K","-2.35%"
"21.12.2014","147.48","147.00","148.60","144.00","599.74K","0.69%"
"14.12.2014","146.47","142.50","147.00","134.84","3.44M","2.79%"
"07.12.2014","142.49","149.00","152.00","141.47","1.80M","-5.64%"
"30.11.2014","151.01","149.93","152.84","147.41","1.62M","-0.11%"
"23.11.2014","151.18","158.78","160.40","149.65","2.05M","-4.01%"
"16.11.2014","157.50","155.45","161.00","153.02","715.70K","1.32%"
"09.11.2014","155.45","163.00","163.00","152.17","1.74M","-1.91%"
"02.11.2014","158.48","156.51","160.00","155.20","751.79K","0.31%"
"26.10.2014","157.99","153.05","161.85","150.68","1.50M","3.23%"
"19.10.2014","153.05","156.00","160.00","146.73","1.65M","-1.90%"
"12.10.2014","156.01","153.59","156.78","152.00","1.24M","0.89%"
"05.10.2014","154.63","157.50","160.73","154.00","1.46M","-1.45%"
"28.09.2014","156.91","150.74","157.09","150.00","1.25M","3.04%"
"21.09.2014","152.28","149.43","153.79","147.06","1.58M","2.41%"
"14.09.2014","148.69","146.20","150.02","143.27","1.25M","1.70%"
"07.09.2014","146.20","149.50","151.07","146.00","1.62M","-2.46%"
"31.08.2014","149.89","148.50","152.05","147.41","2.30M","0.53%"
"24.08.2014","149.10","150.01","151.50","148.00","2.58M","-0.31%"
"17.08.2014","149.57","150.98","151.10","147.00","1.44M","-0.60%"
"10.08.2014","150.48","146.83","150.89","145.80","1.51M","3.61%"
"03.08.2014","145.23","148.43","152.15","144.62","1.13M","-3.09%"
"27.07.2014","149.86","148.80","151.50","143.97","1.07M","1.26%"
"20.07.2014","147.99","148.00","149.99","146.88","879.91K","0.27%"
"13.07.2014","147.59","150.00","151.68","143.56","1.48M","-0.88%"
"06.07.2014","148.90","154.90","154.90","147.78","1.31M","-3.85%"
"29.06.2014","154.87","154.50","154.99","149.00","1.14M","1.23%"
"22.06.2014","152.99","156.90","157.89","152.40","1.05M","-2.36%"
"15.06.2014","156.68","151.61","156.90","151.61","2.78M","3.34%"
"08.06.2014","151.61","148.80","154.54","147.00","1.55M","2.69%"
"01.06.2014","147.64","145.30","148.54","143.00","1.21M","1.60%"
"25.05.2014","145.31","144.65","148.88","142.21","1.24M","0.46%"
"18.05.2014","144.65","142.83","145.00","142.12","1.26M","1.22%"
"11.05.2014","142.91","140.95","143.80","138.11","2.14M","1.50%"
"04.05.2014","140.80","136.00","140.95","135.00","1.89M","3.54%"
"27.04.2014","135.98","133.50","137.15","132.60","2.63M","2.55%"
"20.04.2014","132.60","136.42","138.99","132.50","1.19M","-3.04%"
"13.04.2014","136.76","141.51","143.45","136.11","1.65M","-4.20%"
"06.04.2014","142.76","140.69","143.15","138.51","1.86M","1.45%"
"30.03.2014","140.72","141.58","144.00","138.50","2.46M","-0.61%"
"23.03.2014","141.58","141.86","143.99","136.07","1.40M","-0.57%"
"16.03.2014","142.39","132.52","143.29","130.10","1.90M","7.45%"
"09.03.2014","132.52","130.30","133.17","126.66","1.57M","1.05%"
"02.03.2014","131.14","135.14","137.86","130.31","1.48M","-4.42%"
"23.02.2014","137.21","142.69","143.31","129.25","1.92M","-4.28%"
"16.02.2014","143.34","142.95","148.25","141.95","1.97M","0.22%"
"09.02.2014","143.02","138.81","144.65","137.50","1.96M","3.03%"
"02.02.2014","138.81","141.98","142.00","135.00","1.55M","-1.08%"
"26.01.2014","140.32","138.03","142.97","137.00","2.88M","1.20%"
"19.01.2014","138.65","142.04","143.90","138.00","1.13M","-2.58%"
"12.01.2014","142.32","145.31","146.99","141.50","1.72M","-1.95%"
"05.01.2014","145.15","149.70","149.70","141.50","1.87M","-1.73%"
"29.12.2013","147.70","149.23","151.00","145.45","1.06M","-1.03%"
"22.12.2013","149.24","146.83","150.50","146.83","914.28K","1.64%"
"15.12.2013","146.83","150.11","156.46","145.01","3.11M","-1.45%"
"08.12.2013","148.99","147.12","155.99","147.12","5.78M","-2.58%"
"01.12.2013","152.93","149.38","160.00","144.00","2.36M","2.23%"
"24.11.2013","149.60","143.65","150.00","139.70","5.22M","4.13%"
"17.11.2013","143.66","135.00","144.00","133.70","2.66M","5.59%"
"10.11.2013","136.06","133.70","137.65","132.00","2.02M","1.68%"
"03.11.2013","133.81","141.06","142.50","133.41","2.96M","-5.19%"
"27.10.2013","141.14","140.42","142.98","139.50","1.88M","0.77%"
"20.10.2013","140.06","143.48","144.71","139.11","1.89M","-2.04%"
"13.10.2013","142.97","140.41","144.99","138.31","1.55M","-0.95%"
"06.10.2013","144.34","142.10","145.46","136.39","1.46M","0.27%"
"29.09.2013","143.95","147.77","148.14","142.50","1.60M","-3.38%"
"22.09.2013","148.98","146.93","150.25","142.58","2.47M","1.85%"
"15.09.2013","146.28","146.24","148.69","138.38","1.71M","0.27%"
"08.09.2013","145.89","137.50","148.40","137.50","1.98M","6.55%"
"01.09.2013","136.92","140.14","141.50","133.15","2.14M","-2.30%"
"25.08.2013","140.14","137.20","142.00","133.03","5.98M","1.52%"
"18.08.2013","138.04","149.40","150.04","137.55","2.34M","-7.73%"
"11.08.2013","149.60","155.85","159.00","149.22","1.33M","-4.66%"
"04.08.2013","156.91","155.53","158.99","151.56","1.36M","0.69%"
"28.07.2013","155.83","146.00","159.20","143.15","1.96M","6.76%"
"21.07.2013","145.96","141.50","149.79","141.50","2.14M","3.15%"
"14.07.2013","141.50","154.19","159.70","140.54","2.68M","-9.60%"
"07.07.2013","156.52","156.50","160.46","151.00","1.37M","1.16%"
"30.06.2013","154.73","151.00","161.00","151.00","920.66K","1.49%"
"23.06.2013","152.46","141.39","153.49","135.51","2.67M","6.95%"
"16.06.2013","142.55","149.30","150.47","135.00","3.09M","-4.52%"
"09.06.2013","149.30","146.38","150.99","144.66","2.29M","1.99%"
"02.06.2013","146.38","150.19","151.60","141.02","2.05M","-2.54%"
"26.05.2013","150.19","150.50","154.50","145.01","2.24M","-1.01%"
"19.05.2013","151.73","152.68","154.50","139.98","1.70M","-0.52%"
"12.05.2013","152.53","153.21","155.02","150.00","1.40M","-0.15%"
"05.05.2013","152.76","159.00","160.13","150.64","1.28M","-3.95%"
"28.04.2013","159.05","159.99","159.99","150.69","1.58M","1.73%"
"21.04.2013","156.34","160.36","163.00","150.95","1.72M","-2.52%"
"14.04.2013","160.38","158.00","162.00","154.80","1.98M","2.64%"
"07.04.2013","156.25","152.04","165.50","151.70","2.03M","2.32%"
"31.03.2013","152.71","152.68","159.34","149.00","3.95M","0.39%"
"24.03.2013","152.12","148.50","152.85","147.00","1.34M","2.83%"
"17.03.2013","147.93","149.11","149.30","146.96","1.54M","-0.41%"
"10.03.2013","148.54","147.60","149.44","145.28","2.95M","0.84%"
"03.03.2013","147.30","144.50","148.80","142.12","2.51M","2.43%"
"24.02.2013","143.80","142.00","145.25","141.00","2.79M","1.27%"
"17.02.2013","142.00","141.68","143.99","141.00","2.07M","0.28%"
"10.02.2013","141.61","139.50","143.60","138.45","1.64M","1.39%"
"03.02.2013","139.67","142.00","144.00","139.45","1.69M","-2.34%"
"27.01.2013","143.01","139.57","146.26","139.00","2.09M","2.46%"
"20.01.2013","139.57","136.60","140.26","133.99","1.06M","2.29%"
"13.01.2013","136.45","131.00","138.31","131.00","1.67M","1.35%"
"06.01.2013","134.63","132.26","135.30","129.00","2.23M","1.06%"
"30.12.2012","133.22","132.90","136.77","132.01","1.27M","0.22%"
"23.12.2012","132.93","131.49","133.00","128.81","529.50K","1.10%"
"16.12.2012","131.49","129.80","134.21","129.02","2.30M","1.97%"
"09.12.2012","128.95","128.00","134.98","128.00","1.42M","-1.98%"
"02.12.2012","131.55","123.08","133.00","123.08","1.59M","7.70%"
"25.11.2012","122.15","125.55","130.00","121.65","3.53M","-2.26%"
"18.11.2012","124.98","120.00","126.00","119.43","1.58M","4.66%"
"11.11.2012","119.41","120.00","122.59","117.96","1.24M","0.24%"
"04.11.2012","119.12","117.00","120.00","116.04","2.42M","1.86%"
"28.10.2012","116.94","120.49","120.80","116.00","4.29M","-2.91%"
"21.10.2012","120.44","119.97","121.94","118.02","1.69M","0.76%"
"14.10.2012","119.53","117.25","125.00","116.90","2.07M","2.38%"
"07.10.2012","116.75","116.48","117.37","113.72","970.85K","0.23%"
"30.09.2012","116.48","114.50","117.00","113.21","628.36K","2.42%"
"23.09.2012","113.73","111.77","118.00","110.10","1.60M","2.15%"
"16.09.2012","111.34","110.95","112.00","108.80","1.02M","0.77%"
"09.09.2012","110.49","107.26","111.00","106.72","1.26M","2.66%"
"02.09.2012","107.63","107.50","109.93","105.65","1.12M","0.41%"
"26.08.2012","107.19","107.50","109.49","105.50","1.16M","-1.03%"
"19.08.2012","108.31","108.71","110.95","107.08","839.88K","-0.51%"
"12.08.2012","108.87","108.80","112.00","108.03","801.23K","-0.89%"
"05.08.2012","109.85","108.63","112.00","108.02","5.86M","0.03%"
"29.07.2012","109.82","110.10","110.10","102.50","1.74M","-0.20%"
"22.07.2012","110.04","108.82","110.20","107.64","1.27M","0.75%"
"15.07.2012","109.22","109.00","111.50","108.01","918.61K","0.33%"
"08.07.2012","108.86","108.31","112.00","104.94","652.60K","0.50%"
"01.07.2012","108.32","111.99","112.00","106.50","747.17K","-3.53%"
"24.06.2012","112.28","102.75","112.56","102.75","1.88M","7.95%"
"17.06.2012","104.01","102.00","104.48","101.50","1.39M","1.49%"
"10.06.2012","102.48","102.37","102.99","101.51","1.64M","0.11%"
"03.06.2012","102.37","102.93","103.13","101.50","1.32M","-0.55%"
"27.05.2012","102.94","103.09","103.90","100.01","2.54M","-0.08%"
"20.05.2012","103.02","104.19","104.75","102.11","1.50M","-0.29%"
"13.05.2012","103.32","103.39","104.99","102.00","1.51M","-0.11%"
"06.05.2012","103.43","103.52","106.90","103.00","2.55M","-0.09%"
"29.04.2012","103.52","103.25","104.90","102.16","1.57M","1.23%"
"22.04.2012","102.26","105.38","106.69","101.51","1.26M","-2.71%"
"15.04.2012","105.11","105.99","107.00","104.33","1.16M","-0.83%"
"08.04.2012","105.99","103.00","106.00","103.00","1.53M","1.43%"
"01.04.2012","104.50","106.97","106.97","102.90","638.06K","-0.67%"
"25.03.2012","105.21","105.48","105.49","102.02","1.00M","1.81%"
"18.03.2012","103.34","105.00","110.00","102.70","573.59K","-1.32%"
"11.03.2012","104.72","102.99","106.00","99.00","1.36M","2.73%"
"04.03.2012","101.94","103.61","104.00","100.06","658.88K","-1.61%"
"26.02.2012","103.61","101.62","104.02","101.25","2.23M","1.44%"
"19.02.2012","102.14","102.00","105.00","102.00","836.17K","0.35%"
"12.02.2012","101.78","103.00","104.95","98.27","901.25K","-0.70%"
"05.02.2012","102.50","100.40","103.99","93.38","1.20M","2.09%"
"29.01.2012","100.40","98.00","101.85","97.38","2.18M","1.98%"
"22.01.2012","98.45","99.00","99.50","97.00","1.24M","-0.53%"
"15.01.2012","98.97","98.28","101.00","96.99","1.33M","0.73%"
"08.01.2012","98.25","100.17","101.90","97.51","1.58M","-1.91%"
"01.01.2012","100.16","100.10","102.47","96.23","749.80K","0.06%"
"25.12.2011","100.10","99.96","102.47","99.38","889.10K","0.14%"
"18.12.2011","99.96","101.99","105.00","99.01","852.00K","-1.99%"
"11.12.2011","101.99","101.61","104.49","97.00","2.17M","1.06%"
"04.12.2011","100.92","98.02","101.02","91.14","1.74M","2.99%"
"27.11.2011","97.99","94.80","99.90","94.80","24.81M","2.43%"
"20.11.2011","95.67","95.00","97.80","93.73","3.28M","0.17%"
"13.11.2011","95.51","90.02","96.80","89.70","9.11M","5.52%"
"06.11.2011","90.51","90.00","91.33","89.50","1.70M","0.12%"
"30.10.2011","90.40","91.53","91.99","89.65","2.37M","-1.23%"
"23.10.2011","91.53","90.49","91.92","88.03","996.40K","2.23%"
"16.10.2011","89.53","88.01","91.00","88.01","690.40K","-1.18%"
"09.10.2011","90.60","91.00","91.89","89.01","1.26M","0.15%"
"02.10.2011","90.46","90.00","91.94","83.12","1.16M","0.67%"
"25.09.2011","89.86","91.50","95.49","87.25","1.08M","-0.88%"
"18.09.2011","90.66","91.98","91.98","85.00","1.19M","0.77%"
"11.09.2011","89.97","89.18","91.30","87.18","1.38M","0.33%"
"04.09.2011","89.67","91.00","92.01","88.00","1.29M","-3.82%"
"28.08.2011","93.23","94.99","98.49","92.02","13.93M","-1.01%"
"21.08.2011","94.18","93.00","94.98","91.02","1.39M","2.06%"
"14.08.2011","92.28","94.53","95.01","91.50","1.08M","-2.79%"
"07.08.2011","94.93","94.00","95.09","90.25","1.01M","-0.03%"
"31.07.2011","94.96","95.00","99.32","92.99","1.61M","0.11%"
"24.07.2011","94.86","89.01","95.00","88.90","3.50M","6.58%"
"17.07.2011","89.00","89.99","90.00","86.00","3.14M","-1.10%"
"10.07.2011","89.99","90.50","90.50","89.90","2.92M","-0.56%"
"03.07.2011","90.50","89.86","91.51","89.86","3.21M","0.71%"
"26.06.2011","89.86","88.45","90.00","88.45","1.82M","1.64%"
"19.06.2011","88.41","88.00","89.00","88.00","3.68M","0.20%"
"12.06.2011","88.23","87.75","89.50","87.68","2.07M","0.26%"
"05.06.2011","88.00","88.90","88.90","87.00","1.60M","0.00%"
"29.05.2011","88.00","86.20","88.00","85.80","4.35M","2.23%"
"22.05.2011","86.08","86.70","86.85","86.00","1.41M","-0.96%"
"15.05.2011","86.91","88.50","90.50","80.30","1.11M","-1.35%"
"08.05.2011","88.10","87.70","88.11","86.50","3.76M","0.46%"
"01.05.2011","87.70","88.10","88.10","86.60","610.90K","-0.32%"
"24.04.2011","87.98","86.50","88.10","86.33","1.13M","2.55%"
"17.04.2011","85.79","86.00","86.70","85.00","251.80K","-0.24%"
"10.04.2011","86.00","86.50","87.50","85.10","529.20K","-0.46%"
"03.04.2011","86.40","86.00","86.50","85.01","774.60K","-0.12%"
"27.03.2011","86.50","85.60","87.00","84.00","917.40K","1.17%"
"20.03.2011","85.50","82.79","86.00","82.00","1.56M","3.27%"
"13.03.2011","82.79","85.00","85.00","82.00","1.66M","-2.60%"
"06.03.2011","85.00","85.90","86.00","84.50","356.80K","-0.70%"
"27.02.2011","85.60","87.99","89.00","85.25","1.98M","-2.73%"
"20.02.2011","88.00","87.50","88.00","87.24","1.74M","0.03%"
"13.02.2011","87.97","86.50","88.00","85.50","3.26M","1.82%"
"06.02.2011","86.40","86.90","87.00","86.00","501.30K","-0.58%"
"30.01.2011","86.90","83.99","87.00","83.60","1.74M","3.46%"
"23.01.2011","83.99","83.06","84.50","83.00","1.12M","0.47%"
"16.01.2011","83.60","83.01","84.50","82.90","3.54M","0.72%"
"09.01.2011","83.00","82.54","83.51","81.50","2.37M","0.55%"
"02.01.2011","82.55","84.41","84.41","82.50","1.62M","-2.11%"
"26.12.2010","84.33","82.54","85.00","82.00","724.10K","2.16%"
"19.12.2010","82.55","81.51","83.00","79.00","629.40K","1.28%"
"12.12.2010","81.51","77.50","81.99","77.30","2.34M","5.31%"
"05.12.2010","77.40","75.00","77.50","74.75","1.02M","3.61%"
"28.11.2010","74.70","72.75","75.00","72.75","1.38M","2.68%"
"21.11.2010","72.75","72.40","72.80","72.25","1.36M","0.21%"
"14.11.2010","72.60","72.50","73.00","72.10","2.19M","0.39%"
"07.11.2010","72.32","71.40","73.00","71.40","2.88M","1.29%"
"31.10.2010","71.40","70.90","72.00","70.50","2.54M","0.58%"
"24.10.2010","70.99","66.60","71.40","66.60","5.03M","7.19%"
"17.10.2010","66.23","65.90","66.30","65.10","6.74M","0.50%"
"10.10.2010","65.90","65.74","66.11","65.50","4.41M","0.24%"
"03.10.2010","65.74","65.95","65.95","64.90","14.14M","0.91%"
"26.09.2010","65.15","65.90","65.93","64.89","55.75M","-2.76%"
"19.09.2010","67.00","67.00","67.00","67.00","1.00K","0.00%"
"12.09.2010","67.00","65.50","67.03","65.50","2.12M","2.29%"
"05.09.2010","65.50","65.70","65.70","65.50","5.05M","-0.30%"
"29.08.2010","65.70","65.70","68.00","65.70","2.56M","0.31%"
"22.08.2010","65.50","65.50","65.50","65.50","215.00K","-0.15%"
"15.08.2010","65.60","65.60","65.60","65.60","1.50M","0.00%"
"08.08.2010","65.60","65.60","65.60","65.60","1.42M","0.00%"
"01.08.2010","65.60","65.70","65.70","65.60","17.80K","0.00%"
"25.07.2010","65.60","65.00","65.60","65.00","28.50K","0.92%"
"18.07.2010","65.00","65.00","65.00","65.00","29.30K","0.00%"
"11.07.2010","65.00","65.00","65.00","65.00","40.70K","0.00%"
"04.07.2010","65.00","65.00","65.00","65.00","32.20K","0.00%"
"27.06.2010","65.00","65.30","65.30","65.00","1.18M","0.00%"
"20.06.2010","65.00","65.00","65.01","65.00","957.30K","0.00%"
"13.06.2010","65.00","65.00","66.00","65.00","336.90K","0.00%"
"06.06.2010","65.00","65.00","65.00","65.00","26.60K","0.00%"
"30.05.2010","65.00","62.60","65.00","62.00","915.20K","4.25%"
"23.05.2010","62.35","61.20","62.35","61.00","1.05M","1.85%"
"16.05.2010","61.22","64.80","64.80","61.20","1.75M","-6.10%"
"09.05.2010","65.20","66.50","66.50","65.20","150.80K","-1.95%"
"02.05.2010","66.50","66.50","66.50","66.50","34.80K","0.00%"
"25.04.2010","66.50","64.00","66.50","64.00","4.02M","3.91%"
"18.04.2010","64.00","63.10","64.00","63.10","1.88M","1.43%"
"11.04.2010","63.10","63.20","63.20","63.10","426.00K","-1.41%"
"04.04.2010","64.00","64.00","64.00","64.00","0.10K","-0.31%"
"28.03.2010","64.20","62.50","64.20","62.50","8.30K","2.72%"
"21.03.2010","62.50","61.25","62.50","61.25","1.10M","2.04%"
"14.03.2010","61.25","61.00","62.00","61.00","2.49M","0.41%"
"07.03.2010","61.00","63.00","63.00","61.00","2.23M","1.67%"
"28.02.2010","60.00","60.00","60.00","59.90","23.80K","1.69%"
"14.02.2010","59.00","61.00","61.00","59.00","7.00K","-3.28%"
"07.02.2010","61.00","61.00","61.00","61.00","1.80K","-6.15%"
"24.01.2010","65.00","60.50","65.00","60.50","2.40K","8.33%"
"10.01.2010","60.00","60.00","60.00","60.00","1.00K","2.56%"
"27.12.2009","58.50","58.50","58.50","58.50","1.00K","0.86%"
"20.12.2009","58.00","57.00","58.00","57.00","7.00K","3.57%"
"13.12.2009","56.00","56.00","56.00","56.00","3.90K","0.00%"
"06.12.2009","56.00","56.00","56.00","56.00","0.30K","1.82%"
"29.11.2009","55.00","55.00","55.00","55.00","19.90K","0.00%"
"15.11.2009","55.00","55.00","55.00","55.00","3.60K","0.00%"
"08.11.2009","55.00","55.00","55.00","55.00","4.20K","3.77%"
"01.11.2009","53.00","52.00","53.00","52.00","4.30K","1.92%"
"25.10.2009","52.00","53.50","53.50","52.00","1.80K","-2.80%"
"18.10.2009","53.50","53.50","53.50","53.50","20.00K","-0.93%"
"11.10.2009","54.00","55.80","55.80","54.00","4.00K","-4.02%"
"04.10.2009","56.26","56.26","56.26","56.26","1.60K","4.19%"
"27.09.2009","54.00","53.95","54.00","53.95","6.50K","1.89%"
"13.09.2009","53.00","53.00","53.00","53.00","0.10K","4.93%"
"06.09.2009","50.51","50.50","50.51","50.50","50.80K","2.04%"
"23.08.2009","49.50","48.75","49.50","48.75","29.70K","1.54%"
"16.08.2009","48.75","48.41","49.09","48.41","5.10K","1.14%"
"09.08.2009","48.20","48.20","48.20","48.20","1.60K","0.21%"
"02.08.2009","48.10","48.10","48.10","48.10","7.00K","0.00%"
"05.07.2009","48.10","48.10","48.10","48.10","0.40K","0.21%"
"21.06.2009","48.00","48.00","48.00","48.00","1.10K","3.31%"
"14.06.2009","46.46","44.44","46.46","44.44","0.20K","6.32%"
"31.05.2009","43.70","43.70","43.70","43.70","1.10K","0.46%"
"24.05.2009","43.50","43.22","43.50","43.22","3.10K","2.55%"
"17.05.2009","42.42","38.10","42.42","38.10","11.70M","11.34%"
"10.05.2009","38.10","38.00","38.10","38.00","2.50K","-4.75%"
"03.05.2009","40.00","36.50","40.20","36.40","1.81M","0.00%"
"26.04.2009","40.00","40.00","40.00","40.00","0.50K","9.29%"
"19.04.2009","36.60","36.50","36.60","36.50","3.60K","-1.08%"
"12.04.2009","37.00","36.50","37.00","36.50","5.69M","8.82%"
"22.03.2009","34.00","34.00","34.00","34.00","3.00M","-2.86%"
"01.03.2009","35.00","35.00","35.00","35.00","0.20K","-10.26%"
"22.02.2009","39.00","39.00","39.00","39.00","0.20K","0.00%"
"08.02.2009","39.00","39.00","39.00","39.00","37.50K","0.00%"
"01.02.2009","39.00","39.00","39.00","39.00","8.10K","0.00%"
"25.01.2009","39.00","39.00","39.00","39.00","0.50K","0.00%"
"18.01.2009","39.00","39.00","39.00","39.00","0.10K","0.00%"
"11.01.2009","39.00","39.00","39.00","39.00","23.00K","0.00%"
"04.01.2009","39.00","39.00","39.00","39.00","3.50K","0.00%"
"14.12.2008","39.00","39.00","39.00","39.00","4.00K","-2.50%"
"23.11.2008","40.00","40.00","40.00","40.00","13.80K","0.00%"
"26.10.2008","40.00","40.00","40.00","40.00","0.50K","0.00%"
"05.10.2008","40.00","47.00","47.00","40.00","1.10K","-16.67%"
"21.09.2008","48.00","48.50","48.50","48.00","5.70K","-1.03%"
"14.09.2008","48.50","49.00","49.00","48.50","15.00K","-3.00%"
"24.08.2008","50.00","50.00","50.00","50.00","1.40K","0.00%"
"17.08.2008","50.00","50.00","50.00","50.00","3.20K","0.00%"
"03.08.2008","50.00","50.00","50.00","50.00","10.00K","-3.85%"
"20.07.2008","52.00","55.00","55.00","52.00","8.30K","-13.33%"
"27.04.2008","60.00","60.00","60.00","60.00","1.00K","1.69%"
"13.04.2008","59.00","59.00","59.00","59.00","0.50K","-1.67%"
"24.02.2008","60.00","60.00","60.00","60.00","3.00K","-1.64%"
"10.02.2008","61.00","61.00","61.00","61.00","0.30K","0.00%"
"27.01.2008","61.00","60.00","61.00","60.00","90.00K","1.67%"
"20.01.2008","60.00","60.00","60.00","60.00","861.30K","0.00%"
"13.01.2008","60.00","60.00","60.10","60.00","155.70K","-0.17%"
"06.01.2008","60.10","60.00","60.10","60.00","362.00K","0.00%"
"02.12.2007","60.10","59.25","60.10","59.25","5.10K","0.00%"
"14.10.2007","60.10","60.10","60.10","60.10","10.00K","-1.80%"
"07.10.2007","61.20","61.20","61.20","61.20","1.10K","-0.37%"
"30.09.2007","61.43","61.43","61.43","61.43","5.10K","0.00%"
"26.08.2007","61.43","61.43","61.43","61.43","1.00K","0.00%"
"05.08.2007","61.43","61.42","61.43","61.42","0.80K","2.04%"
"29.07.2007","60.20","60.20","60.20","60.20","","0.00%"
"22.07.2007","60.20","60.20","60.20","60.20","","0.00%"
"15.07.2007","60.20","60.25","60.25","60.20","4.00K","0.00%"
"08.07.2007","60.20","60.20","60.20","60.20","","0.00%"
"01.07.2007","60.20","60.20","60.20","60.20","","0.00%"
"24.06.2007","60.20","60.20","60.20","60.20","","0.00%"
"17.06.2007","60.20","60.20","60.20","60.20","","0.00%"
"10.06.2007","60.20","60.20","60.20","60.20","16.20K","0.00%"
"03.06.2007","60.20","60.20","60.20","60.20","2.00K","0.00%"
"27.05.2007","60.20","60.20","60.20","60.20","0.10K","7.50%"
"20.05.2007","56.00","56.00","56.00","56.00","","0.00%"
"13.05.2007","56.00","56.00","56.00","56.00","0.80K","0.00%"
"06.05.2007","56.00","56.00","56.00","56.00","0.10K","10.89%"
"29.04.2007","50.50","50.50","50.50","50.50","","0.00%"
"22.04.2007","50.50","50.50","50.50","50.50","1.00K","0.00%"
"15.04.2007","50.50","50.50","50.50","50.50","3.00K","0.00%"
"08.04.2007","50.50","50.50","50.50","50.50","0.10K","1.00%"
"01.04.2007","50.00","50.00","50.00","50.00","","0.00%"
"25.03.2007","50.00","49.00","50.00","49.00","40.10K","3.95%"
"18.03.2007","48.10","48.00","48.10","48.00","20.10K","4.34%"
"11.03.2007","46.10","46.10","46.10","46.10","","0.00%"
"04.03.2007","46.10","46.10","46.10","46.10","","0.00%"
"25.02.2007","46.10","46.10","46.10","46.10","","0.00%"
"18.02.2007","46.10","45.12","46.10","45.12","30.00K","2.42%"
"11.02.2007","45.01","45.01","45.01","45.01","","0.00%"
"04.02.2007","45.01","45.01","45.01","45.01","4.00K","0.02%"
"28.01.2007","45.00","40.01","45.00","40.01","2.10K","14.80%"
"21.01.2007","39.20","39.20","39.20","39.20","","0.00%"
"14.01.2007","39.20","39.20","39.20","39.20","","0.00%"
"07.01.2007","39.20","39.20","39.20","39.20","2.00K","0.15%"
"31.12.2006","39.14","39.14","39.14","39.14","","0.00%"
"24.12.2006","39.14","39.14","39.14","39.14","0.10K","3.00%"
"17.12.2006","38.00","37.00","38.00","37.00","4.70K","4.11%"
"10.12.2006","36.50","36.00","36.50","36.00","1.00K","4.29%"
"03.12.2006","35.00","33.50","35.00","33.50","3.40K","9.03%"
"26.11.2006","32.10","32.10","32.10","32.10","0.20K","1.90%"
"19.11.2006","31.50","31.50","31.50","31.50","5.00K","0.00%"
"12.11.2006","31.50","31.00","32.00","31.00","2.00K","2.77%"
"05.11.2006","30.65","30.65","30.65","30.65","0.10K","0.00%"
"29.10.2006","30.65","30.60","30.65","30.60","9.60K","2.17%"
"22.10.2006","30.00","30.00","30.00","30.00","31.10K","0.00%"
"15.10.2006","30.00","26.30","30.00","26.30","28.60K","15.38%"
"08.10.2006","26.00","26.00","26.00","26.00","","0.00%"
"01.10.2006","26.00","26.00","26.00","26.00","","0.00%"
"24.09.2006","26.00","26.00","26.00","26.00","","0.00%"
"17.09.2006","26.00","26.00","26.00","26.00","5.50K","0.00%"
"10.09.2006","26.00","26.00","26.00","26.00","14.50K","0.00%"
"03.09.2006","26.00","26.00","26.10","26.00","13.70K","1.17%"
"27.08.2006","25.70","25.50","25.70","25.50","48.60K","1.58%"
"20.08.2006","25.30","25.20","25.30","25.20","102.50K","1.20%"
"13.08.2006","25.00","25.20","25.20","25.00","6.20K","-0.79%"
"06.08.2006","25.20","25.20","25.20","25.20","5.00K","0.00%"
"30.07.2006","25.20","25.20","25.20","25.20","3.00K","0.80%"
"23.07.2006","25.00","25.00","25.00","25.00","0.10K","0.00%"
"16.07.2006","25.00","25.00","25.00","25.00","","0.00%"
"09.07.2006","25.00","25.00","25.00","25.00","","0.00%"
"02.07.2006","25.00","25.00","25.00","25.00","","0.00%"
"25.06.2006","25.00","25.05","25.05","25.00","37.70K","0.00%"
"18.06.2006","25.00","25.00","25.00","25.00","","0.00%"
"11.06.2006","25.00","25.00","25.00","25.00","","0.00%"
"04.06.2006","25.00","25.20","25.20","25.00","9.90K","0.00%"
"28.05.2006","25.00","25.00","25.00","25.00","18.70K","0.00%"
"21.05.2006","25.00","25.00","25.00","25.00","2.00K","1.63%"
"14.05.2006","24.60","24.75","25.00","24.60","60.30K","-0.40%"
"07.05.2006","24.70","24.10","24.70","24.00","20.20K","3.35%"
"30.04.2006","23.90","23.90","23.90","23.90","11.60K","-0.42%"
"23.04.2006","24.00","24.45","24.45","24.00","0.60K","-1.84%"
"16.04.2006","24.45","24.45","24.45","24.45","","0.00%"
"09.04.2006","24.45","24.45","24.45","24.45","0.40K","-0.20%"
"02.04.2006","24.50","24.50","24.50","24.50","","0.00%"
"26.03.2006","24.50","24.50","24.50","24.50","10.40K","-2.39%"
"19.03.2006","25.10","25.10","25.10","25.10","","0.00%"
"12.03.2006","25.10","25.10","25.10","25.10","0.20K","0.20%"
"05.03.2006","25.05","25.05","25.05","25.05","","0.00%"
"26.02.2006","25.05","25.05","25.05","25.05","","0.00%"
"19.02.2006","25.05","25.05","25.05","25.05","","0.00%"
"12.02.2006","25.05","25.05","25.05","25.05","","0.00%"
"05.02.2006","25.05","25.05","25.05","25.05","20.00K","-0.79%"
"29.01.2006","25.25","25.25","25.25","25.10","93.00K","0.60%"
"22.01.2006","25.10","25.10","25.10","25.10","","0.00%"
"15.01.2006","25.10","25.25","25.25","25.05","25.50K","0.00%"
"08.01.2006","25.10","25.10","25.10","25.10","3.00K","2.45%"
"01.01.2006","24.50","24.50","24.50","24.50","3.50K","0.00%"
"25.12.2005","24.50","24.50","24.50","24.50","1.40K","0.00%"
"18.12.2005","24.50","24.50","24.50","24.50","190.40K","1.24%"
"11.12.2005","24.20","23.11","24.20","23.11","101.00K","5.22%"
"04.12.2005","23.00","23.00","23.00","23.00","","0.00%"
"27.11.2005","23.00","23.00","23.00","23.00","","0.00%"
"20.11.2005","23.00","23.10","23.10","23.00","14.60K","-2.54%"
"13.11.2005","23.60","23.60","23.60","23.60","3.00K","2.16%"
"06.11.2005","23.10","23.10","23.10","23.10","","0.00%"
"30.10.2005","23.10","23.60","23.60","23.10","0.20K","0.43%"
"23.10.2005","23.00","23.00","23.00","23.00","22.60K","1.77%"
"16.10.2005","22.60","22.60","22.60","22.60","","0.00%"
"09.10.2005","22.60","22.60","22.60","22.60","0.10K","0.00%"
"02.10.2005","22.60","23.00","23.00","22.60","68.10K","-1.74%"
"25.09.2005","23.00","22.50","23.00","22.20","0.40K","3.60%"
"18.09.2005","22.20","22.00","22.20","22.00","111.40K","0.91%"
"11.09.2005","22.00","22.00","22.00","22.00","","0.00%"
"04.09.2005","22.00","22.00","22.00","22.00","","0.00%"
"28.08.2005","22.00","22.00","22.00","22.00","98.00K","0.00%"
"21.08.2005","22.00","22.00","22.00","22.00","","0.00%"
"14.08.2005","22.00","22.00","22.00","22.00","2.00K","-0.68%"
"07.08.2005","22.15","22.10","22.15","22.10","16.50K","0.23%"
"31.07.2005","22.10","22.10","22.10","22.10","","0.00%"
"24.07.2005","22.10","22.10","22.10","22.10","","0.00%"
"17.07.2005","22.10","22.10","22.10","22.10","1.10K","0.00%"
"10.07.2005","22.10","22.10","22.10","22.10","10.50K","0.00%"
"03.07.2005","22.10","22.10","22.10","22.10","","0.00%"
"26.06.2005","22.10","22.10","22.10","22.10","","0.00%"
"19.06.2005","22.10","22.10","22.10","22.10","","0.00%"
"12.06.2005","22.10","22.10","22.10","22.10","31.20K","-0.23%"
"05.06.2005","22.15","22.10","22.15","22.10","249.80K","0.23%"
"29.05.2005","22.10","22.00","22.10","22.00","250.20K","0.45%"
"22.05.2005","22.00","21.26","22.00","21.26","30.10K","4.76%"
"15.05.2005","21.00","20.45","21.00","20.45","70.00K","2.69%"
"08.05.2005","20.45","20.33","20.45","20.33","34.00K","2.00%"
"01.05.2005","20.05","20.05","20.05","20.05","","0.00%"
"24.04.2005","20.05","20.05","20.05","20.05","","0.00%"
"17.04.2005","20.05","20.05","20.05","20.05","10.00K","0.00%"
"10.04.2005","20.05","20.05","20.05","20.05","","0.00%"
"03.04.2005","20.05","20.05","20.05","20.05","5.10K","-0.05%"
"27.03.2005","20.06","19.80","20.06","19.80","6.60K","0.10%"
"20.03.2005","20.04","20.02","20.05","19.80","18.00K","1.21%"
"13.03.2005","19.80","21.00","21.00","19.80","26.90K","-10.00%"
"06.03.2005","22.00","22.00","22.00","22.00","","0.00%"
"27.02.2005","22.00","21.00","22.00","20.51","3.70K","4.76%"
"20.02.2005","21.00","20.50","21.00","20.50","9.00K","5.00%"
"13.02.2005","20.00","20.00","20.00","20.00","","0.00%"
"06.02.2005","20.00","20.00","20.00","20.00","4.10K","0.00%"
"30.01.2005","20.00","20.00","20.02","20.00","11.60K","5.26%"
"23.01.2005","19.00","19.00","19.00","19.00","","0.00%"
"16.01.2005","19.00","19.02","19.02","18.96","109.10K","-0.11%"
"09.01.2005","19.02","19.02","19.02","19.02","3.80K","0.11%"
"02.01.2005","19.00","19.16","19.16","18.90","40.00K","0.00%"
"26.12.2004","19.00","19.00","19.00","19.00","24.10K","5.50%"
"19.12.2004","18.01","18.01","18.01","18.01","","0.00%"
"12.12.2004","18.01","18.01","18.01","18.01","","0.00%"
"05.12.2004","18.01","18.01","18.01","18.01","5.00K","1.18%"
"28.11.2004","17.80","17.80","17.80","17.80","","0.00%"
"21.11.2004","17.80","17.80","17.80","17.80","","0.00%"
"14.11.2004","17.80","17.50","17.80","17.50","23.00K","1.60%"
"07.11.2004","17.52","17.60","17.60","17.52","9.30K","0.11%"
"31.10.2004","17.50","17.52","17.80","17.50","5.80K","0.00%"
"24.10.2004","17.50","17.80","17.80","17.50","2.83M","-0.17%"
"17.10.2004","17.53","17.53","17.53","17.53","9.00K","0.06%"
"10.10.2004","17.52","17.52","17.52","17.52","","0.00%"
"03.10.2004","17.52","17.52","17.52","17.52","6.00K","5.93%"
"26.09.2004","16.54","16.54","16.54","16.54","","0.00%"
"19.09.2004","16.54","16.54","16.54","16.54","5.00K","0.00%"
"12.09.2004","16.54","16.54","16.54","16.54","2.00K","0.00%"
"05.09.2004","16.54","16.54","16.54","16.54","","0.00%"
"29.08.2004","16.54","16.54","16.54","16.54","","0.00%"
"22.08.2004","16.54","16.54","16.54","16.54","","0.00%"
"15.08.2004","16.54","16.50","16.54","16.50","21.50K","0.24%"
"08.08.2004","16.50","16.50","16.50","16.50","","0.00%"
"01.08.2004","16.50","16.50","16.50","16.50","11.50K","0.00%"
"25.07.2004","16.50","16.50","16.50","16.50","5.00K","0.00%"
"18.07.2004","16.50","16.50","16.50","16.50","0.30K","0.00%"
"11.07.2004","16.50","16.50","16.50","16.50","","0.00%"
"04.07.2004","16.50","16.50","16.50","16.50","28.80K","0.00%"
"27.06.2004","16.50","16.50","16.50","16.50","0.10K","3.13%"
"20.06.2004","16.00","16.00","16.00","16.00","","0.00%"
"13.06.2004","16.00","16.00","16.50","16.00","10.00M","1.27%"
"06.06.2004","15.80","16.20","16.20","15.80","1.30M","0.00%"
"30.05.2004","15.80","15.80","15.80","15.80","","0.00%"
"23.05.2004","15.80","15.80","15.80","15.80","","0.00%"
"16.05.2004","15.80","15.80","15.80","15.80","","0.00%"
"09.05.2004","15.80","16.00","16.00","15.80","98.50K","-2.47%"
"02.05.2004","16.20","16.20","16.20","16.20","1.20K","0.00%"
"25.04.2004","16.20","16.20","16.20","16.20","","0.00%"
"18.04.2004","16.20","16.20","16.20","16.20","","0.00%"
"11.04.2004","16.20","16.20","16.20","16.20","","0.00%"
"04.04.2004","16.20","16.20","16.20","16.20","0.10K","1.25%"
"28.03.2004","16.00","16.00","16.00","16.00","","0.00%"
"21.03.2004","16.00","16.00","16.00","16.00","","0.00%"
"14.03.2004","16.00","16.00","16.00","16.00","","0.00%"
"07.03.2004","16.00","16.00","16.00","16.00","3.00K","0.00%"
"29.02.2004","16.00","16.00","16.00","16.00","4.20K","1.59%"
"22.02.2004","15.75","15.00","15.75","15.00","4.20K","1.61%"
"15.02.2004","15.50","15.00","15.50","15.00","0.30K","3.33%"
"08.02.2004","15.00","14.20","15.00","14.20","2.20K","6.38%"
"01.02.2004","14.10","14.00","14.30","14.00","121.00K","4.37%"
"25.01.2004","13.51","13.50","13.51","13.50","1.10K","0.82%"
"18.01.2004","13.40","13.40","13.40","13.40","1.00K","3.08%"
"11.01.2004","13.00","13.00","13.00","13.00","","0.00%"
"04.01.2004","13.00","13.00","13.00","13.00","5.00K","3.17%"
"28.12.2003","12.60","12.60","12.60","12.60","0.10K","3.28%"
"21.12.2003","12.20","12.20","12.20","12.20","","0.00%"
"14.12.2003","12.20","12.20","12.20","12.20","","0.00%"
"07.12.2003","12.20","12.20","12.20","12.20","","0.00%"
"30.11.2003","12.20","12.20","12.20","12.20","","0.00%"
"23.11.2003","12.20","12.20","12.20","12.20","44.00K","0.00%"
"16.11.2003","12.20","12.20","12.20","12.20","","0.00%"
"09.11.2003","12.20","11.51","12.20","11.50","547.40K","7.96%"
"02.11.2003","11.30","11.30","11.30","11.30","50.00K","-1.74%"
"26.10.2003","11.50","11.50","11.60","11.50","60.00K","2.95%"
"19.10.2003","11.17","11.17","11.17","11.17","1.00K","-0.27%"
"12.10.2003","11.20","11.50","11.50","11.20","30.20K","-2.61%"
"05.10.2003","11.50","11.20","11.50","11.20","13.60K","0.00%"
"28.09.2003","11.50","11.00","11.70","10.50","134.96M","0.88%"
"21.09.2003","11.40","11.40","11.40","11.40","","0.00%"
"14.09.2003","11.40","11.40","11.40","11.40","","0.00%"
"07.09.2003","11.40","11.20","11.40","11.20","26.90K","1.79%"
"31.08.2003","11.20","11.00","11.20","11.00","0.20K","3.70%"
"24.08.2003","10.80","10.40","10.80","10.40","63.10K","4.75%"
"17.08.2003","10.31","10.31","10.31","10.31","125.20K","1.08%"
"10.08.2003","10.20","10.20","10.20","10.20","4.00K","-7.27%"
"03.08.2003","11.00","11.00","11.00","11.00","1.00K","0.00%"
"27.07.2003","11.00","11.00","11.00","10.99","24.20K","6.80%"
"20.07.2003","10.30","10.23","10.30","10.23","2.30K","-3.74%"
"13.07.2003","10.70","10.70","10.70","10.70","","0.00%"
"06.07.2003","10.70","10.70","10.70","10.70","15.10K","1.90%"
"29.06.2003","10.50","10.50","10.50","10.50","10.50K","-2.78%"
"22.06.2003","10.80","10.80","10.80","10.80","","0.00%"
"15.06.2003","10.80","10.70","10.80","10.50","10.60K","0.00%"
"08.06.2003","10.80","10.50","10.80","10.50","7.10K","10.20%"
"01.06.2003","9.80","10.00","10.01","9.80","672.50K","-6.67%"
"25.05.2003","10.50","10.50","10.50","10.50","","0.00%"
"18.05.2003","10.50","10.50","10.50","10.50","","0.00%"
"11.05.2003","10.50","10.50","10.50","10.50","","0.00%"
"04.05.2003","10.50","10.50","10.50","10.50","","0.00%"
"27.04.2003","10.50","10.50","10.50","10.50","","0.00%"
"20.04.2003","10.50","10.50","10.50","10.50","","0.00%"
"13.04.2003","10.50","10.50","10.50","10.50","","0.00%"
"06.04.2003","10.50","10.50","10.50","10.50","","0.00%"
"30.03.2003","10.50","10.50","10.50","10.50","","0.00%"
"23.03.2003","10.50","10.50","10.50","10.50","20.00K","-12.43%"
"16.03.2003","11.99","11.99","11.99","11.99","0.10K","-0.08%"
"09.03.2003","12.00","12.00","12.00","12.00","","0.00%"
"02.03.2003","12.00","12.00","12.00","12.00","","0.00%"
"23.02.2003","12.00","12.00","12.00","12.00","","0.00%"
"16.02.2003","12.00","12.00","12.00","12.00","166.30K","0.00%"
"09.02.2003","12.00","12.00","12.00","12.00","","0.00%"
"02.02.2003","12.00","12.00","12.00","12.00","","0.00%"
"26.01.2003","12.00","12.00","12.00","12.00","","0.00%"
"19.01.2003","12.00","11.50","12.00","11.50","1.00K","0.00%"
"12.01.2003","12.00","12.35","12.35","12.00","25.30K","-6.25%"
"05.01.2003","12.80","12.80","12.80","12.80","","0.00%"
"29.12.2002","12.80","12.80","12.80","12.80","","0.00%"
"22.12.2002","12.80","12.80","12.80","12.80","","0.00%"
"15.12.2002","12.80","12.80","12.80","12.80","","0.00%"
"08.12.2002","12.80","12.80","12.80","12.80","","0.00%"
"01.12.2002","12.80","12.00","12.80","12.00","78.00K","6.67%"
"24.11.2002","12.00","11.70","12.00","11.70","21.50K","2.56%"
"17.11.2002","11.70","11.70","11.70","11.70","0.10K","9.35%"
"10.11.2002","10.70","10.70","10.70","10.70","","0.00%"
"03.11.2002","10.70","10.70","10.70","10.70","","0.00%"
"27.10.2002","10.70","10.70","10.70","10.70","38.10K","1.90%"
"20.10.2002","10.50","10.50","10.50","10.50","","0.00%"
"13.10.2002","10.50","10.30","10.50","10.30","49.00K","-2.78%"
"06.10.2002","10.80","10.80","10.80","10.80","","0.00%"
"29.09.2002","10.80","9.81","10.80","9.81","3.10K","2.86%"
"22.09.2002","10.50","10.50","10.50","10.50","","0.00%"
"15.09.2002","10.50","10.50","10.50","10.50","1.90K","-3.23%"
"08.09.2002","10.85","10.85","10.85","10.85","","0.00%"
"01.09.2002","10.85","10.85","10.85","10.85","10.00K","-8.82%"
"25.08.2002","11.90","11.90","11.90","11.90","0.50K","0.00%"
"18.08.2002","11.90","11.90","11.90","11.90","","0.00%"
"11.08.2002","11.90","11.90","11.90","11.90","","0.00%"
"04.08.2002","11.90","11.90","11.90","11.90","","0.00%"
"28.07.2002","11.90","11.90","11.90","11.90","0.10K","9.17%"
"21.07.2002","10.90","10.90","10.90","10.90","","0.00%"
"14.07.2002","10.90","10.90","10.90","10.90","","0.00%"
"07.07.2002","10.90","10.90","10.90","10.90","","0.00%"
"30.06.2002","10.90","11.00","11.00","10.90","13.10K","-0.91%"
"23.06.2002","11.00","11.00","11.00","11.00","","0.00%"
"16.06.2002","11.00","11.00","11.00","11.00","","0.00%"
"09.06.2002","11.00","11.00","11.00","11.00","9.00K","-8.33%"
"02.06.2002","12.00","12.00","12.00","12.00","","0.00%"
"26.05.2002","12.00","12.30","12.30","12.30","4.00K","-2.44%"
"19.05.2002","12.30","12.30","12.30","12.30","0.10K","2.07%"
"12.05.2002","12.05","13.00","13.00","12.05","9.70K","-8.64%"
"05.05.2002","13.19","12.00","13.20","12.00","527.80K","4.19%"
"28.04.2002","12.66","12.66","12.66","12.66","10.11K","0.00%"
"21.04.2002","12.66","12.66","12.66","12.66","5.06K","0.00%"
"14.04.2002","12.66","12.66","12.66","12.66","","0.00%"
"07.04.2002","12.66","11.89","12.66","11.89","3.03K","-1.54%"
"31.03.2002","12.86","12.86","12.86","11.78","318.17K","0.00%"
"24.03.2002","12.86","11.38","12.86","11.38","0.30K","-3.63%"
"17.03.2002","13.34","13.34","13.34","13.34","5.06K","-3.23%"
"10.03.2002","13.79","12.36","13.79","12.36","20.42K","-1.13%"
"03.03.2002","13.95","13.85","13.95","13.85","5.16K","6.01%"
"24.02.2002","13.15","12.86","13.15","12.86","0.40K","6.40%"
"17.02.2002","12.36","12.36","12.36","12.36","20.32K","3.14%"
"10.02.2002","11.99","11.99","11.99","11.99","","0.00%"
"03.02.2002","11.99","11.99","11.99","11.99","","0.00%"
"27.01.2002","11.99","12.00","12.00","11.99","4.55K","1.00%"
"20.01.2002","11.87","11.87","11.87","11.87","0.10K","-11.11%"
"13.01.2002","13.35","13.35","13.35","13.35","","0.00%"
"06.01.2002","13.35","13.35","13.35","13.35","","0.00%"