Fecha,Apertura,Máximo,Mínimo,Cierre,Vol.
2006-02-13,23.65845071856343,25.434956792683295,23.65845071856343,25.380388259887695,45877300
2006-02-20,26.071594480189095,26.071594480189095,24.8953419804756,25.240942001342773,40835800
2006-02-27,25.356135673147804,25.95032509289671,25.162114732532324,25.586536407470703,49307600
2006-03-06,25.562277839390497,25.574404434744395,24.42240331815132,25.010530471801758,39014100
2006-03-13,24.997175222130924,26.171577809769527,24.857218212425998,26.104644775390625,42288900
2006-03-20,25.995117279059627,26.743571900782054,25.982947002132068,26.238515853881836,45835000
2006-03-27,26.135071693575842,26.50017071240337,25.690867036213263,25.739545822143555,37919700
2006-04-03,25.788211729931064,26.122886020142182,25.459621413909275,25.617830276489258,35938400
2006-04-10,25.605672648900555,25.68477595145365,24.7172611784666,25.02151107788086,26459100
2006-04-17,24.966739258301168,25.22231031181201,24.339985377624735,24.510364532470703,37311400
2006-04-24,24.625972603075866,24.74158665879188,24.03572741490015,24.297382354736328,42927400
2006-05-01,24.4312723266941,25.24057600033524,24.3704209429192,25.124961853027344,44956500
2006-05-08,25.039764312362237,25.319673625411813,24.133098711624186,24.339988708496094,43615900
2006-05-15,24.30957452693174,24.64424904977886,22.697048660609422,23.694988250732422,97686300
2006-05-22,23.427230182414945,23.786244971566543,22.867411770173852,23.53067398071289,55167700
2006-05-29,23.281190880814393,23.57935667037964,22.88566758102388,23.122982025146484,47720700
2006-06-05,22.970871186502972,23.183845222648884,22.228500566949386,22.484071731567383,64995800
2006-06-12,22.543909875581267,23.020447042421218,22.018495906719686,22.550018310546875,70213700
2006-06-19,22.550019933151976,23.704707662396316,22.140687174350802,22.24454689025879,49774500
2006-06-26,22.152905808962483,22.482817280892327,21.768011422285543,21.86576271057129,88746100
2006-07-03,21.908535639106045,21.98184854571802,21.554185651093487,21.60917091369629,47254100
2006-07-10,21.62749231900634,21.731352034673925,20.31395730537632,20.674415588378906,97331800
2006-07-17,20.7294016333714,21.474756631004592,20.06957871797655,20.680524826049805,90344900
2006-07-24,20.85770878285554,21.59084489592134,20.70497218974081,21.13263511657715,51016800
2006-07-31,21.13262355984321,21.517520216566187,20.478911485251746,21.205936431884766,52550600
2006-08-07,21.205945136434877,21.315915654924655,20.203993595150365,20.326183319091797,54207300
2006-08-14,20.387268390123584,21.44420474347368,20.228423447608037,21.24259376525879,76865600
2006-08-21,20.863816343379327,21.016552913007065,20.210104011818604,20.45448112487793,65438600
2006-08-28,20.466702835077772,21.303698686518352,20.466702835077772,21.16318130493164,53304900
2006-09-04,21.169294885489773,21.33424837188129,20.619442162265745,20.9432430267334,39063100
2006-09-11,21.034320732985435,23.102165574492812,20.985233685319585,22.838315963745117,87900600
2006-09-18,22.396520446502052,22.599010659011626,21.721557752891805,22.065174102783203,57875700
2006-09-25,22.065174208051285,22.795363636475745,21.887228688459537,22.25539207458496,51920700
2006-10-02,22.200177207084746,23.096037851752506,22.07745602573161,22.789236068725586,52821100
2006-10-09,22.58673385696736,23.464186590012442,22.4271957196626,22.641958236694336,62730500
2006-10-16,22.36583885673522,22.476287628627098,21.81359499727583,22.083581924438477,61752600
2006-10-23,21.97313763521076,23.034671189877503,21.967000290681028,22.74627685546875,66399300
2006-10-30,22.62968364278255,23.096020982458256,22.58059426981135,22.82603645324707,69539600
2006-11-06,22.457882899935093,23.003991877450368,22.384251149313823,22.4824275970459,81021300
2006-11-13,22.54992100297841,23.494870635350004,21.948590057117617,23.488733291625977,134231500
2006-11-20,23.3966959889282,23.83848880165441,23.13898136918618,23.145118713378906,41920700
2006-11-27,23.378284274633106,24.51958676180579,22.697186592953038,23.912120819091797,100788000
2006-12-04,23.889437283989885,24.759827523295616,23.710420267266084,23.9511661529541,72024800
2006-12-11,23.951168343118425,24.920326274272764,23.56844413997098,24.6240234375,102310800
2006-12-18,24.73514323158141,24.877121561098306,23.858580756788516,24.006731033325195,65162800
2006-12-25,23.840049911040136,24.870938873823235,23.821531723171486,24.79068946838379,36493800
2007-01-01,25.494419117925823,25.827760762449728,24.519089036118917,24.562299728393555,94849500
2007-01-08,24.65488286154438,24.920321207039155,24.111662281987524,24.759824752807617,76498700
2007-01-15,24.691927206731854,25.296879140720105,24.642542222011667,25.03144073486328,56304800
2007-01-22,25.09934164892201,25.179591064455558,24.469697279331665,24.65488624572754,56265500
2007-01-29,24.877116928841154,25.420340002872273,24.593160322681655,25.204286575317383,54921900
2007-02-05,25.10551933907952,25.59318553420137,25.025272259988082,25.309228897094727,46757800
2007-02-12,25.69194728586827,25.932693177687415,25.420336958780986,25.580833435058594,74033100
2007-02-19,25.148722859181955,25.80305726601075,25.093165942111103,25.284526824951172,53034600
2007-02-26,25.30922943600857,25.30922943600857,23.86475136912706,24.0808048248291,102455600
2007-03-05,23.920305167410667,24.198089827412716,23.722769932477153,23.870920181274414,76324700
2007-03-12,23.849189844442034,24.072718168693456,22.663250007296842,23.290369033813477,86869800
2007-03-19,23.377306785638613,24.165861896885755,23.19724197566141,23.731225967407227,56837000
2007-03-26,23.687759492060724,23.76847622994878,22.57011761343351,22.812274932861328,65703600
2007-04-02,22.768797957865367,23.75604622715782,22.725334391240086,23.60702896118164,55684100
2007-04-09,23.74363401936586,23.936114883776796,23.346249051054976,23.52631378173828,56342600
2007-04-16,23.594605856440907,24.525971877089887,23.538723800458516,24.34590721130371,63155100
2007-04-23,24.333496405030285,24.643951843378353,23.849186679155146,23.886442184448242,55244500
2007-04-30,23.905067560345273,24.370750694637714,23.489058430632408,24.153432846069336,67138600
2007-05-07,24.02925161312015,24.60048848778107,23.811931383213636,24.128597259521484,55673800
2007-05-14,24.24037697546197,24.538414106071517,23.576002094367837,24.14103126525879,84272200
2007-05-21,24.02925005678927,24.463888119864535,23.749839704198962,23.83055877685547,61722200
2007-05-28,23.83055257820947,24.569435435233274,23.76846008901444,24.34590721130371,40835900
2007-06-04,24.215526018597025,24.75571785888439,23.327623208428157,23.563570022583008,67240400
2007-06-11,23.59138215845395,24.03473711528647,23.322872315801103,23.697538375854492,75672500
2007-06-18,23.72876078165627,25.72072694762968,23.610117835287305,24.578001022338867,135982700
2007-06-25,24.634199990029526,25.06506345858395,24.23455809767987,24.571754455566406,78932600
2007-07-02,24.696652777445472,25.296115849840938,24.32198895271193,25.16498374938965,46587300
2007-07-09,25.46471236494045,25.608333560684315,25.0650703625133,25.520912170410156,105098100
2007-07-16,25.383530166681957,25.44597332016767,24.56551151651886,24.59673309326172,76060800
2007-07-23,24.65918347440073,24.665426838154694,22.929481103954533,22.948213577270508,130409200
2007-07-30,23.079332371703206,23.9910154065408,22.423669980403638,22.598512649536133,161949200
2007-08-06,22.692184732798786,23.603867968777287,21.930365994268488,22.42991828918457,156828000
2007-08-13,22.492371592498774,22.492371592498774,19.888451823904333,20.80013656616211,158515900
2007-08-20,21.024935493370943,21.82422190363561,20.8001386469775,21.655622482299805,102998600
2007-08-27,22.117705301580205,24.065963484990412,21.86168451480601,23.92234230041504,248404600
2007-09-03,23.3847145282938,23.485266821988,21.44279640847302,21.499357223510742,206291600
2007-09-10,21.650189062685385,22.53002112257365,20.990314418430177,22.423185348510742,104098900
2007-09-17,22.215796288964366,23.347012776756873,21.66275978088379,21.66275978088379,99869800
2007-09-24,21.69417544932223,21.86385787181493,20.34300193541118,20.386993408203125,105009900
2007-10-01,20.47498219875364,21.713031908778934,20.46869633166467,21.505643844604492,91116800
2007-10-08,21.537062310168153,21.568484448179532,20.864618487831713,21.015445709228516,71339300
2007-10-15,21.021739333433782,21.147430329221717,19.205510557556792,19.331201553344727,99021400
2007-10-22,19.218075734815674,19.82767417540673,19.029540480642993,19.701984405517578,89444500
2007-10-29,19.82767580518929,20.016212273537082,18.928989741173446,19.104955673217773,81176500
2007-11-05,18.94784432705415,18.94784432705415,17.59038690174555,17.628093719482422,97011000
2007-11-12,17.62808251637475,18.696451662260586,17.45211667964816,18.26910400390625,101394700
2007-11-19,18.11828596117995,18.23140760567891,17.477264108137888,18.193700790405273,70941300
2007-11-26,18.155990019574215,18.287965651009298,16.82995622925291,17.94860076904297,105443700
2007-12-03,18.134741511690088,18.85075276563937,17.741884955895877,18.686006546020508,64630300
2007-12-10,18.502252966974368,18.88243527032817,16.87380027770996,16.87380027770996,93396500
2007-12-17,16.791430603058426,17.07023205335794,16.202146241353436,16.892812728881836,106073600
2007-12-24,16.861124918877163,17.165271181823968,16.69637872430519,16.905479431152344,49385000
2007-12-31,16.79776613802503,17.279331811332497,15.688898145277236,15.815625190734863,67658100
2008-01-07,15.878989920768188,16.354219078564512,15.061596397815038,15.65721607208252,95365100
2008-01-14,15.904333196263005,17.418729453399962,15.549495827310126,16.652027130126953,109626900
2008-01-21,15.815615105391968,19.085190613798574,15.815615105391968,18.07770538330078,135754500
2008-01-28,18.065029872731596,19.693480272141905,17.76088374857224,19.294288635253906,108256300
2008-02-04,19.29429855422353,19.357661456237228,17.43773700297284,17.72287368774414,98793800
2008-02-11,17.75455390464174,18.45789193050132,17.082896116860546,17.437734603881836,76271000
2008-02-18,17.665837400056464,17.881274544691117,17.0702181964847,17.59613800048828,55306000
2008-02-25,17.28566588856796,18.686006974590594,16.73439963302405,16.823108673095703,108864800
2008-03-03,16.791425634810675,17.46941885386392,15.955022739957329,16.398569107055664,82930700
2008-03-10,16.44291313145269,17.190605254006883,15.815610198102874,16.316184997558594,101034000
2008-03-17,16.05516792799608,18.011711300799902,15.90171366537873,17.941377639770508,88853600
2008-03-24,17.98613491580814,19.181801051270966,17.44265152832565,17.506589889526367,87534200
2008-03-31,17.51297556907089,19.181791850301693,17.346733226689484,18.408126831054688,77116000
2008-04-07,18.510440343943316,18.599955034167206,17.519379792630335,18.0117130279541,68441500
2008-04-14,17.973345105608836,18.46567699379569,17.58331482291851,18.337799072265625,52025600
2008-04-21,18.222706325255967,19.060311081540533,17.915797879837374,19.04113006591797,93888200
2008-04-28,18.93243700906775,19.50149668604517,18.376164271914746,19.258527755737305,85487400
2008-05-05,19.111459464282476,19.20736940539837,17.666430904713398,17.89021873474121,77449500
2008-05-12,17.90940363191692,19.08588721443065,17.90940363191692,18.606342315673828,59091400
2008-05-19,18.318614840745923,18.785371581625565,16.80325364757871,17.11655616760254,116196700
2008-05-26,17.19967581356787,17.819887961205453,17.07819077131736,17.493797302246094,60225100
2008-06-02,17.525768033405924,17.986130712001625,17.0781922923341,17.378707885742188,87900300
2008-06-09,17.549666101078635,17.826902029423955,16.66638085420443,17.749534606933594,85889100
2008-06-16,17.71084980463382,17.878480860986194,16.8404595312704,16.924274444580078,71873500
2008-06-23,17.020989164536502,17.020989164536502,15.415600538161208,15.48652172088623,102645100
2008-06-30,15.486522971936413,15.705732800128251,14.409816308664782,14.532316207885742,75651300
2008-07-07,14.603229828645949,14.951386897517313,13.539418612204999,13.91336441040039,97053000
2008-07-14,14.119680344771618,15.357570199174592,13.384683666440583,15.112571716308594,91253600
2008-07-21,15.228627714839085,16.666385192669928,14.73862940249315,15.34467887878418,88810200
2008-07-28,15.112573859647894,16.11835912470413,14.712838012272618,15.409151077270508,76639700
2008-08-04,15.357567475962854,17.09835019776128,15.157700230928546,17.00164031982422,79113100
2008-08-11,16.930721802223687,18.536109960828338,16.79532696826604,17.749534606933594,143659800
2008-08-18,17.897827348962057,18.11703714649324,16.447174928099784,17.478750228881836,103953500
2008-08-25,17.394933417116434,17.820458012958923,16.859803926603412,17.485197067260742,69123900
2008-09-01,17.82690785654232,18.95519317948466,17.82690785654232,18.432958602905273,123372700
2008-09-08,19.373814229173874,19.984934906637115,18.437630786275328,18.72368621826172,150540300
2008-09-15,17.891531066440812,19.302309523322677,15.895637389105648,17.79401206970215,188271200
2008-09-22,17.820008972598554,18.02154831208584,15.980146721097794,17.2023868560791,107686700
2008-09-29,16.89682779536962,17.306409159455338,15.421036830843853,15.479548454284668,117739300
2008-10-06,15.04396465168146,15.42103892049562,11.084684209122258,12.840030670166016,184665800
2008-10-13,13.334124906018982,14.822917322837947,11.715306398289576,13.13908576965332,143037100
2008-10-20,13.30812428007436,13.951751072122681,11.429254112175082,12.033873558044434,109393900
2008-10-27,11.708804412223897,15.622574930028572,11.708804412223897,15.336518287658691,125022600
2008-11-03,15.265007135711363,15.33652162185642,13.444648994015902,13.691697120666504,109457100
2008-11-10,13.997262651859756,14.718904216822308,12.449956613788927,13.353635787963867,102685200
2008-11-17,12.950551917022613,13.925744075714013,11.351236131957824,12.540971755981445,148438400
2008-11-24,12.755512252322154,15.466546135612754,12.26141481008939,15.024458885192871,99113100
2008-12-01,14.660389418432139,15.954145539794197,13.425146170319406,15.863126754760742,146660700
2008-12-08,16.407748750170043,16.55231121926459,14.561302354769614,15.422101020812988,113078400
2008-12-15,15.520674909471467,16.499752015357906,15.03442067255929,15.914933204650879,106194200
2008-12-22,15.829508778661308,15.855792076589584,15.218406748703195,15.481245994567871,35241200
2008-12-29,15.468105872379688,15.895219828428889,14.909571659092368,15.855792999267578,53404400
2009-01-05,15.783509014804862,16.749443526541658,15.468101980766251,15.678373336791992,99532000
2009-01-12,15.671804814931955,15.744084822302392,14.232758258730906,15.244690895080566,111473700
2009-01-19,15.047560090534372,15.2446904539809,13.99620191210184,14.272183418273926,83599400
2009-01-26,14.521884036880449,15.264405145078435,14.029059926488465,14.147337913513184,121636500
2009-02-02,13.937067740417852,15.671809772442506,13.687370697819524,15.461538314819336,109682800
2009-02-09,15.422105060873104,15.527240745947845,13.897636373973139,13.943633079528809,98161400
2009-02-16,13.601946413582313,13.63480085407273,12.596584742786842,12.787142753601074,109020500
2009-02-23,12.76742699860619,13.983059754490217,11.985479252427524,13.726790428161621,137722100
2009-03-02,13.371955910317611,13.766215295909205,11.52550931266483,11.827774047851562,126492800
2009-03-09,11.65693191004334,13.799074028707302,11.492657219225396,13.608514785766602,115296500
2009-03-16,13.79187728222227,15.195681919269719,13.34611948987411,14.743270874023438,119497300
2009-03-23,14.922911303071515,16.206960477265827,14.749930460379034,15.721282958984375,123633300
2009-03-30,15.461810928655177,16.79243150360635,15.062624502374092,16.63275718688965,120967100
2009-04-06,16.486384550162956,17.271449393427414,16.053931974824344,17.231531143188477,72841400
2009-04-13,17.051895080157216,17.61075559276975,16.66601532325601,17.364591598510742,82364200
2009-04-20,17.111783091063767,17.910156081449855,16.486392226539515,17.504316329956055,101788300
2009-04-27,17.231536012250753,18.009949091244433,16.86561586554393,17.14504623413086,84464300
2009-05-04,17.391208357797417,17.810354497699997,16.466427578645597,16.965410232543945,82367000
2009-05-11,16.506347204104394,16.799084073974797,16.113814048976394,16.233570098876953,105508100
2009-05-18,17.071864390960098,17.39786632758811,15.036014966578778,15.208995819091797,138130100
2009-05-25,15.08258273918188,16.107159818182517,14.856377162848258,15.408584594726562,84656400
2009-06-01,15.694669335148454,16.559572176591303,15.561606773859415,16.080549240112305,81438600
2009-06-08,16.127121604884294,16.712595382604047,15.854344481962148,16.067243576049805,86764800
2009-06-15,16.074790012595418,16.141936424351695,15.450330560471233,15.792776107788086,76560700
2009-06-22,15.692058858015402,16.155366460644583,15.128030986308083,15.853209495544434,80515700
2009-06-29,15.886781714497989,16.222512522125946,15.27575174707202,15.316039085388184,51810000
2009-07-06,15.28246948238508,15.537624382180653,14.96688292303315,15.121318817138672,66493900
2009-07-13,15.114601544495848,16.618675451912896,14.953450905920246,16.564958572387695,76232000
2009-07-20,16.55824678198094,17.128989530084837,16.202371590642827,17.00141143798828,67257800
2009-07-27,16.954398762032234,17.58557277751485,16.638812394646358,17.417707443237305,62358100
2009-08-03,17.57887168844979,18.451771593605713,17.236425986383797,18.30405044555664,62601000
2009-08-10,18.2503316815925,18.67335204634672,17.948173363402532,18.223472595214844,69103000
2009-08-17,17.404283587272488,18.485337102541102,17.075267578432317,18.465192794799805,118379300
2009-08-24,18.619636967827734,18.760644623620895,18.08918276732091,18.5927791595459,79983300
2009-08-31,18.465193181669836,18.53233959483635,17.693012632033177,18.149606704711914,57397400
2009-09-07,18.43589695249158,18.679633062181225,18.273406643151212,18.510372161865234,47047100
2009-09-14,18.388505250172436,19.255121578553894,18.341112401755012,19.11294174194336,65296900
2009-09-21,18.930146770244914,19.22804644697711,17.975514977271892,18.17862892150879,61232300
2009-09-28,18.24632765415681,18.578078901695875,17.515120532949457,17.62344741821289,67303100
2009-10-05,17.711459389161146,18.320798333612107,17.60313252309689,18.253093719482422,65222300
2009-10-12,18.34788420331512,18.970764447937718,18.171852689469784,18.45621109008789,67844800
2009-10-19,18.469754533814704,18.747342376556592,17.636989714230527,17.785940170288086,75904600
2009-10-26,17.80624445756655,17.968736042394585,16.899006017173985,16.987022399902344,88773500
2009-11-02,17.020875785284975,17.799476962695216,16.56725651911163,17.657297134399414,82134500
2009-11-09,17.81301678767441,18.81504229897729,17.738542869658943,18.510372161865234,79792500
2009-11-16,18.70671118665584,18.923366189657607,17.840096340080713,18.402042388916016,96566000
2009-11-23,18.5306840518161,18.882745745264454,18.354652559412823,18.693174362182617,48899100
2009-11-30,18.679641238515334,19.295751082036574,18.25310285985678,19.01139259338379,86852000
2009-12-07,19.141718455889702,19.476220501394288,18.72529693092447,19.44891357421875,68458900
2009-12-14,19.674193562714745,20.049656057142325,19.40113075899133,19.558141708374023,71023600
2009-12-21,19.599099005105597,20.083786576550157,19.599099005105597,19.913122177124023,35379600
2009-12-28,19.947254772871734,20.097440279471055,19.65371309611116,19.749284744262695,27431500
2010-01-04,19.89946283541778,19.960902105230538,19.312378360190706,19.783411026000977,65216400
2010-01-11,19.797063844707505,19.81071730468236,19.039313742955983,19.503520965576172,98607100
2010-01-18,19.428441642928227,19.838036610325087,18.895969357172167,18.923274993896484,63023700
2010-01-25,19.080283425365028,19.17585508765322,18.561463411963256,19.12124252319336,79080200
2010-02-01,19.121243521939867,19.83120689700104,18.793568118065483,19.10076332092285,96293200
2010-02-08,19.476224712960235,19.85851266162253,19.387478482515093,19.797073364257812,88186500
2010-02-15,19.878988272439663,20.78692275471059,19.749282974382123,20.582124710083008,69982900
2010-02-22,20.752790905824078,21.469582171423877,20.6162601662332,21.298917770385742,103737000
2010-03-01,21.32622533147251,21.78360601981549,21.223826941976718,21.708513259887695,75818700
2010-03-08,21.626595924372765,22.254639752001534,21.469584967465575,22.15224266052246,66978500
2010-03-15,22.344548645907757,22.5646240038113,22.076329343926677,22.255142211914062,80664300
2010-03-22,22.103828589317306,22.681526776635355,22.103828589317306,22.523347854614258,60356000
2010-03-29,22.543985112544103,22.619636491875536,22.117589529545146,22.268892288208008,37370400
2010-04-05,22.248262098855584,22.970387112827186,22.11759318247756,22.867225646972656,58736600
2010-04-12,22.84659848569763,24.173929624449816,22.791578327808892,24.07764434814453,113782600
2010-04-19,24.015739666266718,25.061098692623194,23.89194960089329,25.02671241760254,95002900
2010-04-26,25.11611122062104,25.466855317154447,24.09138374509527,24.228931427001953,94081800
2010-05-03,24.33897639867907,24.799760878706916,22.055693109344404,22.99101448059082,122353200
2010-05-10,23.82318355408935,24.758505284601874,23.78192105765861,24.208316802978516,110290500
2010-05-17,24.05013127513296,24.964818886585643,22.17948831994473,22.70904541015625,175327500
2010-05-24,22.59213198258592,24.036379503939457,22.296405221601848,23.286746978759766,114092500
2010-05-31,22.984140355562452,23.499942456434198,21.966292503082073,22.1107177734375,67249400
2010-06-07,22.342084977252807,22.688366535524615,21.64259739198795,22.31438446044922,81831000
2010-06-14,22.494443808195822,22.6052537721015,21.7811048306729,22.120460510253906,100069700
2010-06-21,22.279760853931556,22.30053955014648,20.479097269190543,20.91541290283203,136728200
2010-06-28,20.880774901936796,20.936179890998606,19.038557364432695,19.225549697875977,101733800
2010-07-05,19.384845976967746,19.654945232461394,18.768465082755217,19.57183837890625,69579600
2010-07-12,19.5510528011154,20.04277320866177,18.73382826530528,18.77538299560547,85362800
2010-07-19,18.810024211161554,19.717282009741137,18.436040614883566,19.564918518066406,102624200
2010-07-26,19.557976114496295,20.34057293031341,19.135512323286015,19.74496841430664,75260800
2010-08-02,19.95967511907397,20.25055177284156,19.537211061683973,19.862716674804688,61068600
2010-08-09,19.925041311756917,20.06355314340605,18.88619663007148,18.913898468017578,53096700
2010-08-16,19.04548508506863,20.084329726072372,18.89312167993342,19.509502410888672,75002900
2010-08-23,19.779610455350213,19.973528684084183,18.768468519214178,19.904272079467773,67883600
2010-08-30,19.904260695975807,20.998510196028732,19.080110346397998,20.673006057739258,61904700
2010-09-06,20.71609883854773,20.876742576723753,20.450687502960925,20.73006820678711,33375900
2010-09-13,20.91165909632934,21.114209540188167,20.709107320278676,20.87673568725586,56207000
2010-09-20,20.981506967461147,22.133952954059193,20.883722743131138,22.099029541015625,64506800
2010-09-27,22.14791274150399,22.51110810878899,21.903455602169373,22.224742889404297,49724500
2010-10-04,22.147918072924295,22.448252724621874,21.826630708349462,22.273639678955078,59995300
2010-10-11,22.273641092937154,22.273641092937154,21.246916798826625,21.44248390197754,60353100
2010-10-18,21.414547314365702,22.378412230024637,21.079290531611303,21.98727798461914,72554500
2010-10-25,21.945369791590185,22.231735108079885,21.267871587342448,21.58217430114746,46845900
2010-11-01,21.65201589481092,22.55301977633733,21.344696586516054,22.294591903686523,54241900
2010-11-08,22.092038353716298,22.301574773706697,21.777735722018097,21.959333419799805,50961300
2010-11-15,21.95235307008959,22.92320121111702,21.421529233125913,21.80567741394043,106248900
2010-11-22,21.686945400803516,21.89648190962297,21.533286360089644,21.652023315429688,48834900
2010-11-29,21.561222434399003,23.440059437531026,20.939599000328048,23.38418197631836,84027600
2010-12-06,23.544272103961674,24.45929557404205,23.438691336824135,24.21294403076172,60013500
2010-12-13,24.212949048277647,24.825310643492536,24.170716195664863,24.705652236938477,66853100
2010-12-20,24.81122662465173,24.980155306488225,24.642297942815233,24.6986083984375,28646000
2010-12-27,24.59302836314373,24.923845587121193,24.374832053737652,24.677494049072266,27294200
2011-01-03,24.776040510771562,25.036469724596206,24.05809812114623,24.198871612548828,56565900
2011-01-10,24.044019705641393,25.33913095051331,23.98067177086387,25.26170539855957,55754800
2011-01-17,25.318006720636916,26.035948827067806,24.973111936996894,25.698091506958008,45244500
2011-01-24,25.66290229545615,26.831317406929685,25.55028406850799,25.831830978393555,60650900
2011-01-31,26.134490632960905,26.169683322296326,25.606592237839322,25.90221405029297,41820000
2011-02-07,25.902219732858256,26.380847930908203,25.6277129367771,26.380847930908203,36059100
2011-02-14,26.37381082582032,27.098790598198665,26.233037350641716,27.084712982177734,43502000
2011-02-21,27.661879975941027,27.718190436283308,25.888140750617087,26.099302291870117,54798800
2011-02-28,26.148584662718253,26.648328146116306,25.571415603153675,26.19785499572754,49759400
2011-03-07,26.226005472428934,26.5920155493294,25.719224560978066,26.141542434692383,49108900
2011-03-14,26.164086553169504,26.178260272941568,25.108170112076753,25.51211166381836,52719600
2011-03-21,25.717641087168868,26.80190558088862,25.533385329307716,26.518436431884766,40318300
2011-03-28,26.546772839535826,26.837327379832256,25.951490037055212,26.61764144897461,52842900
2011-04-04,26.560943816248045,26.901104996314142,26.369602645580724,26.546770095825195,46992100
2011-04-11,26.539680692232587,27.21291744502702,26.34125133879569,27.0499210357666,42962200
2011-04-18,26.773549817871256,27.290878556425845,26.36960816306341,26.787723541259766,32568100
2011-04-25,26.65307876372337,26.72394468139815,26.178268464545617,26.327091217041016,60984800
2011-05-02,26.53260247660024,26.69559624390244,26.057794898375747,26.213703155517578,52410900
2011-05-09,26.171174950335175,26.525509837067727,26.008181226841476,26.227867126464844,41379300
2011-05-16,26.001100150246582,26.886937610162658,25.901886787273803,26.256221771240234,53270400
2011-05-23,26.00109283083172,26.22078143225776,25.44833127652439,25.51211166381836,50239900
2011-05-30,25.639672576414156,25.710538472295287,24.39950047496987,24.541234970092773,39298000
2011-06-06,24.470373317163613,24.817622793619094,23.68374921412809,23.71918487548828,45575100
2011-06-13,23.712096503460344,24.75384222250588,23.676663545698272,24.470373153686523,76293900
2011-06-20,24.48294667202273,25.482540384144592,24.475805180001775,25.04700469970703,65409600
2011-06-27,25.01130275890674,26.38931656534921,24.761405011077766,26.22509765625,59450400
2011-07-04,26.153709793307268,26.596387152407576,25.925230980630836,26.146568298339844,36643500
2011-07-11,25.88951371570838,26.23937322377826,25.339738768811078,25.639616012573242,48563500
2011-07-18,25.575351498338073,26.567806084480093,25.232633544225155,26.075149536132812,48361700
2011-07-25,25.96805348513799,26.39645304479761,24.725701026590595,24.939899444580078,56719900
2011-08-01,25.039862969240424,25.039862969240424,21.862578608621632,21.948257446289062,102088900
2011-08-08,21.50558276249381,21.884000169353342,20.08472802805355,21.834020614624023,126501200
2011-08-15,21.891137324798862,24.26874749238674,21.75547757908652,22.7622127532959,95141300
2011-08-22,23.133487511842652,24.818516951012604,22.869306847821196,24.275880813598633,79026400
2011-08-29,24.61860148349175,24.61860148349175,22.790770639909912,22.976409912109375,75980000
2011-09-05,22.40579365153141,23.65735308340356,22.355443772330492,22.923681259155273,47006600
2011-09-12,22.434558576955126,25.17504125516213,22.420172509831623,24.894519805908203,72926600
2011-09-19,24.49891983225858,25.412414786668133,23.434375244029052,24.254362106323242,67661000
2011-09-26,24.268749003577785,24.930491846943863,23.6213894882304,23.642967224121094,65373600
2011-10-03,23.59261918122062,24.700322107558364,22.319481903093145,24.39822006225586,71216600
2011-10-10,24.664349309021883,25.239778300068583,24.49171923977694,25.21100616455078,44031200
2011-10-17,25.067144698609415,26.51291275024414,24.765045549826922,26.51291275024414,57426800
2011-10-24,26.699923345432758,27.081147188097496,25.64257369059136,25.980636596679688,59044600
2011-10-31,25.779252600996116,26.253982029305764,24.87295196290055,26.17486000061035,48543500
2011-11-07,26.40502704062433,27.606237845193107,26.30432729228515,27.376066207885742,50837500
2011-11-14,27.44079938183745,27.872370472250044,26.786248339856513,27.246591567993164,64199300
2011-11-21,26.97325786955179,27.225007178789603,26.18923506438902,26.232393264770508,30165100
2011-11-28,26.750287202855688,29.102356431915204,26.66397351609884,28.72832679748535,76041100
2011-12-05,29.091174543293725,29.671112664908215,28.84470049593718,29.163665771484375,60980500
2011-12-12,28.88818563848931,29.388384368265907,28.156014493590483,29.3013916015625,65523100
2011-12-19,29.221657593746908,30.548265720996067,29.076672388735794,30.512020111083984,55605700
2011-12-26,30.439534870029295,30.787497771183297,30.098819986136213,30.475780487060547,20970700
2012-01-02,30.74399095098483,31.38917211769505,30.388777387604687,31.316680908203125,37069700
2012-01-09,31.30218720365082,31.65015004345069,30.99046997449124,31.541410446166992,39592300
2012-01-16,31.613901492069733,32.98400591050982,31.548658292841036,32.26633071899414,49168200
2012-01-23,32.128594598825174,32.91876096291122,31.882120610981023,32.52730178833008,53761400
2012-01-30,32.317086966106935,32.817283123800124,32.056114095879764,32.744789123535156,47360700
2012-02-06,32.65777942196425,33.041990478587095,32.49829824814808,32.86075973510742,35778400
2012-02-13,32.998513862463184,33.86842250509524,32.94776944513462,33.86117172241211,43397600
2012-02-20,34.83981079657435,34.84705881198314,33.67268397501353,34.05689239501953,51078000
2012-02-27,33.853923065233865,34.71658090887807,33.77418104940662,34.36861801147461,42958500
2012-03-05,34.27435687786656,34.92678865208449,33.43344634963104,34.86879348754883,48012700
2012-03-12,35.061621890925345,36.25781575125926,35.010565039500584,35.77642059326172,52524700
2012-03-19,35.674312689562264,36.418287651477605,35.36067610417471,36.133827209472656,42856700
2012-03-26,36.257801015743354,36.775664745381015,36.03169298915179,36.6954345703125,40712900
2012-04-02,36.54225426392549,36.95800425220914,36.14838775771177,36.92153549194336,32943900
2012-04-09,36.3745089013244,37.402943894287,36.00252296020561,37.16954040527344,50081700
2012-04-16,37.51963740120808,38.03750388724702,37.154944181895594,37.53422546386719,48267400
2012-04-23,37.30813466054867,38.21257270356418,36.95073391648642,37.89164352416992,38151100
2012-04-30,37.855171988050024,38.56997064178549,37.62176845958088,37.89893341064453,44419600
2012-05-07,37.63636096925638,37.804122396033065,36.33076060078833,36.71733474731445,68486600
2012-05-14,36.571451195117234,36.89967578905298,34.07694984598488,34.31764602661133,84573800
2012-05-21,33.90918654948701,36.534977373955456,33.82165814825261,36.060874938964844,60752400
2012-05-28,36.192158153503115,36.410973551877674,34.952200519528944,34.98137664794922,47434600
2012-06-04,35.151103539387165,38.41602606217206,35.03371319873633,38.408687591552734,78792400
2012-06-11,38.584764911628405,38.65813280674704,37.27879734663733,38.0565071105957,69253800
2012-06-18,38.10052890266186,39.09100946456306,37.59428371750436,38.166561126708984,74426400
2012-06-25,37.85107887144642,38.87824630737305,37.33749515348311,38.87824630737305,52236300
2012-07-02,38.85623106876136,39.06166622133255,37.322818488199,38.26194381713867,39173300
2012-07-09,38.29864387062863,38.702173077552594,37.31549850893378,38.21793746948242,42082100
2012-07-16,38.012486079651644,38.012486079651644,36.88993829419617,37.198089599609375,53782800
2012-07-23,36.76522516693413,39.82471268957661,36.51577032729273,39.40650939941406,49477200
2012-07-30,39.22307838203153,39.44318488766732,37.57227539155405,38.364662170410156,45978700
2012-08-06,38.4527000523472,39.19372586086393,37.990474481360295,38.92959976196289,36800500
2012-08-13,38.99563625989798,41.95240694688989,38.628791150393035,41.62224578857422,60554700
2012-08-20,41.504865374986196,41.82035246838911,41.07198793046639,41.7910041809082,35892900
2012-08-27,41.879032376711564,41.879032376711564,41.23338430311448,41.63691329956055,29809100
2012-09-03,41.88058950428767,42.69179893917628,41.57085310026673,42.227195739746094,26498200
2012-09-10,42.389434659934835,44.033979208301645,41.615097944436876,43.849613189697266,45416900
2012-09-17,43.65787775223955,44.24784850297202,43.14902569400581,43.82011795043945,35224200
2012-09-24,43.76849246988841,44.67557577317375,43.421886261724744,44.52070617675781,37460600
2012-10-01,44.81568924081714,46.60772705078125,44.35846233195283,46.60772705078125,41973500
2012-10-08,46.44548859918545,46.53398350333404,43.32601579922549,43.923362731933594,51726100
2012-10-15,44.15935698217592,45.811275210984725,44.06348584869958,45.641658782958984,46826100
2012-10-22,45.53840664341844,45.89238906192877,43.83486361696045,44.27734375,43309500
2012-10-29,46.283247823847375,46.46024045386163,44.904190680611975,45.737525939941406,29603400
2012-11-05,45.73751573811054,46.38648481913924,44.47645302509935,44.95580291748047,34513700
2012-11-12,45.162297727360055,47.52218314902337,44.616573115902135,45.81126403808594,60438200
2012-11-19,46.0841427543686,47.8098092318951,45.94402274479495,47.802433013916016,27892400
2012-11-26,47.64017688220081,48.10478283828085,46.73309643109773,47.986785888671875,39614100
2012-12-03,48.15109072528378,48.83261249912963,47.00287297316342,47.743656158447266,32464500
2012-12-10,47.66216716510455,47.66216716510455,45.77316631013629,45.97317886352539,33906100
2012-12-17,46.039856866113034,46.95843004005678,44.85459742035136,45.42500305175781,47904600
2012-12-24,45.195357218645,45.90651399872322,44.602728923475325,44.92867660522461,21169700
2012-12-31,44.75088632406798,47.358453626566444,44.69162490799109,46.80286407470703,27783900
2013-01-07,46.37320584967177,47.23251755926978,46.21023483938779,47.188072204589844,26893100
2013-01-14,47.15843999103336,48.50667320644277,46.958427417745284,48.499263763427734,27897400
2013-01-21,48.43997981515456,50.46973119079953,48.31404759387933,50.240089416503906,29348800
2013-01-28,50.48457505929293,50.48457505929293,49.57340564761337,49.85490798950195,28766900
2013-02-04,49.52896044990842,49.79564390532683,48.76595165036392,49.640079498291016,27242500
2013-02-11,49.53636544320647,50.36604220619184,49.054853377974425,50.01787185668945,26125800
2013-02-18,50.099353557851536,50.31418216925401,47.6251311090926,48.580745697021484,29177000
2013-02-25,48.862228212472196,51.25496871192884,47.276947132985825,51.13644027709961,62189000
2013-03-04,51.07719330407504,52.929158335430174,51.06238007059365,52.86989974975586,33444900
2013-03-11,52.8328534303269,52.8772987785171,51.15127182006836,51.15127182006836,32763600
2013-03-18,50.98562171945166,52.07312140301452,50.96327684755295,51.812416076660156,33118200
2013-03-25,51.99118058054599,52.438095016824036,51.395290876958356,51.976280212402344,22596700
2013-04-01,51.775168162680835,52.922252091923745,51.775168162680835,52.184837341308594,34045100
2013-04-08,51.97629220001191,54.86635054129077,51.97629220001191,54.83655548095703,35636000
2013-04-15,54.6354121492835,55.32813131805302,53.58516380601449,55.119571685791016,42448000
2013-04-22,55.05999127404222,55.5590455793662,54.09912221408759,54.63542175292969,31998800
2013-04-29,54.70245466474961,55.424968908163464,54.02463014927508,55.089778900146484,25351300
2013-05-06,55.03017284607912,56.75824524666548,55.03017284607912,56.61672592163086,29358100
2013-05-13,56.61671480070328,58.50120651637056,56.57201941168321,57.24984359741211,34278200
2013-05-20,57.18283005650968,60.75070579312877,56.981720601886714,58.83641815185547,53631700
2013-05-27,59.544063986912896,60.05801312354418,58.59064483642578,58.59064483642578,27197500
2013-06-03,58.58317673453594,58.90346641521355,55.789954757518885,58.650211334228516,41816200
2013-06-10,59.09060775726697,59.644533804351624,56.942264695250515,57.33150863647461,38775400
2013-06-17,57.69827970918186,57.997701081470446,54.65916049028612,55.25800323486328,51690600
2013-06-24,54.56935368167237,58.229766584436994,54.202565393995705,57.990230560302734,45274800
2013-07-01,58.10999200785082,58.8061444258993,57.36144126633586,58.60403823852539,22374400
2013-07-08,58.806162313969125,60.44549076406576,58.79119380742073,60.28829574584961,28521000
2013-07-15,60.355649478011465,60.80478453074671,59.449903687377066,59.80172348022461,26957100
2013-07-22,59.86909454025344,60.23588282731591,58.30462042353596,58.940887451171875,31302200
2013-07-29,58.86603372543152,60.258338653051986,58.663927524772106,60.05623245239258,28599200
2013-08-05,59.84663275124807,60.13108570351127,58.783692011183625,59.11305618286133,24979000
2013-08-12,58.85105119895438,59.61457031071723,56.03649929743976,56.425743103027344,42289100
2013-08-19,56.50810508647794,58.01269397444065,54.72655602425154,55.3104248046875,51410100
2013-08-26,55.265526527309895,57.00216477054136,55.258039417578544,55.75956726074219,37738600
2013-09-02,56.014048555768326,56.32843846961266,54.052843725189426,54.41963195800781,37081800
2013-09-09,54.916766486552675,56.99363640795803,54.85656586073139,56.519569396972656,30422600
2013-09-16,57.22692003638662,59.30379023501202,56.58729834849236,57.9417839050293,47326300
2013-09-23,57.53541343121977,57.783736633026436,56.63242727689039,57.1591682434082,26304000
2013-09-30,56.572238063586475,57.813848581655016,56.40668922903772,57.02373123168945,27641800
2013-10-07,56.73780553801068,57.66336597553591,55.60906937640987,57.43009567260742,33932000
2013-10-14,56.993614029772644,57.580555548452104,55.48863342144771,56.2035026550293,45153500
2013-10-21,56.13577033616602,57.821346853673454,55.797152027115224,57.37738037109375,33843400
2013-10-28,57.30213788908108,59.145736840399444,57.038767430470664,57.934226989746094,36983900
2013-11-04,58.07724002540304,58.25783620944831,56.27126096180287,56.79800796508789,29655700
2013-11-11,56.639967613195616,60.266972246994875,56.384123552805264,60.221824645996094,36726500
2013-11-18,60.19926035920592,61.907411845836904,59.28122072016022,59.582218170166016,41491400
2013-11-25,59.67249897635057,61.24520136643692,59.67249897635057,60.703407287597656,23679400
2013-12-02,60.53788107255068,60.76363060341021,58.46853142351814,60.078861236572266,31700800
2013-12-09,60.42695365828677,60.948719177234686,59.19436418259394,59.74638366699219,35645000
2013-12-16,59.89760868307544,61.122634458884335,59.217038807626054,60.525245666503906,39349700
2013-12-23,60.54793893555496,62.18886458966184,60.52525423137198,61.73515319824219,13571800
2013-12-30,61.757854988415495,62.43842514845888,61.599056245947864,61.924217224121094,16171300
2014-01-06,61.74269899969304,62.037611608084056,61.228491364940446,62.01492691040039,30429000
2014-01-13,61.71247272916212,62.10568775690985,60.95628510181717,61.251197814941406,28415700
2014-01-20,61.478039035003015,61.62927421002616,59.85979843139649,59.859798431396484,26259700
2014-01-27,59.632948954042334,59.86736524169669,57.35682287805764,58.11301040649414,43786100
2014-02-03,57.95420908625073,58.02226896073111,55.927626371293776,57.81053161621094,41482000
2014-02-10,57.89371987194369,59.080934153940326,57.37951208150386,58.9296989440918,31321600
2014-02-17,58.92214383159439,59.043136632081236,57.77274107324071,58.78602981567383,26339200
2014-02-24,58.861628717697435,62.8391763456947,58.574279561778404,62.03005599975586,48179500
2014-03-03,61.04701409457723,62.91479221066944,60.96383301528439,62.423274993896484,31253100
2014-03-10,62.34009884846613,62.41571644401188,59.52708044784353,60.026161193847656,30260400
2014-03-17,60.51594384240908,62.28799688377647,60.27257217424467,61.16239929199219,32332500
2014-03-24,61.15480524714293,61.19282862954101,59.603308505303396,59.8694953918457,30250300
2014-03-31,60.24215703300494,61.420992133685246,59.69456926500993,59.8694953918457,30972900
2014-04-07,59.84666873996571,59.84666873996571,57.534635163702596,57.57265853881836,41120500
2014-04-14,58.028991047601735,59.0785303013549,56.74368131470089,58.62981033325195,28679800
2014-04-21,59.58808473411853,61.017898294288415,59.070919238353724,60.371437072753906,38591700
2014-04-28,60.48553310855769,61.71760567574412,59.877106724190064,60.38666534423828,35908700
2014-05-05,60.11286092992625,60.21933567363488,58.196303938294115,59.10134506225586,25206300
2014-05-12,59.185013398442884,59.839075951076275,57.28367011809913,58.835166931152344,29993800
2014-05-19,58.24196029406465,60.38667570707242,58.08224812316879,60.219356536865234,40128900
2014-05-26,60.37143356094323,61.048311123056365,60.28777401484497,61.01789474487305,17699700
2014-06-02,61.033083924948855,61.80882898064279,60.88858006261499,61.32969284057617,27383700
2014-06-09,61.68072171951421,62.20856309398927,59.477567618160094,59.72236251831055,28501300
2014-06-16,59.63820757288001,61.84901292831103,59.63820757288001,61.32882308959961,43579600
2014-06-23,61.32117924228539,62.323307378857,61.06873287866387,62.063209533691406,25162200
2014-06-30,61.9790478304463,62.99647871809092,61.5659612950717,62.76698684692383,17229600
2014-07-07,62.52219442326694,62.797583511997445,59.630547709718265,60.90042495727539,36651800
2014-07-14,61.137586502603234,61.41298150961802,60.5791508424246,61.259986877441406,35763300
2014-07-21,61.2064465985012,62.376872621254684,60.839251259807995,61.98672866821289,23157800
2014-07-28,62.11677123611898,62.61401258591711,60.99989398804546,61.007545471191406,28242300
2014-08-04,60.96930097761532,63.08066117066496,60.938706714219066,63.05771255493164,28421100
2014-08-11,63.19538346177458,64.32755749436863,63.11123468195572,64.02156829833984,22414300
2014-08-18,64.41934882983666,70.23323029442994,63.71556443828657,69.63654327392578,56369200
2014-08-25,69.80484661571482,71.54135913612511,69.53710316583255,71.52606201171875,32293200
2014-09-01,71.17416653296934,71.38070980304516,68.0683309835785,70.08023834228516,52362200
2014-09-08,70.25746679618902,70.5650077763548,67.91247928736962,68.3045883178711,28365800
2014-09-15,68.56599096534087,72.07963255218377,68.06623767314129,70.99555206298828,34572800
2014-09-22,70.71879952303973,71.58759759120187,70.23442044736976,71.3800048828125,27463700
2014-09-29,71.01862987286755,72.02582083293896,69.90379458704791,71.91818237304688,28829600
2014-10-06,72.05659621561657,72.87926517588703,70.91869605664002,71.15704345703125,29625400
2014-10-13,71.41075948433283,71.45689445605932,66.39017177922072,69.38099670410156,44225900
2014-10-20,69.0965067027983,73.44050168675359,69.01961706008431,73.03301239013672,28871300
2014-10-27,73.00996477840557,76.31602074283964,72.81775235874912,74.97821807861328,24452300
2014-11-03,74.43231888157455,75.1550392950924,73.1560317504402,75.07815551757812,25413000
2014-11-10,75.07046788190699,76.3928900163066,74.57840465038943,75.53177642822266,19378400
2014-11-17,75.4779566004039,76.19298689460457,73.7941801263363,75.56253051757812,37562700
2014-11-24,75.87008756356875,76.73120132716647,74.1248013500925,76.42366027832031,20679300
2014-12-01,76.49283333078469,76.63891660945589,75.17810142031196,76.60816192626953,23297700
2014-12-08,77.0281304481306,78.33369387917642,76.16290410716056,77.08220672607422,30109100
2014-12-15,77.25986341999632,78.79717928717818,74.92684559543605,78.74310302734375,38508600
2014-12-22,78.99031155138131,80.63577997828666,78.97486371699698,80.14909362792969,13900500
2014-12-29,80.01779593309382,81.90274479864622,79.31479838486241,79.90191650390625,16565800
2015-01-05,79.39974925740779,82.6520636731614,77.51479513855112,81.02976989746094,28061400
2015-01-12,81.24605740097931,81.91815300161122,77.43752745180385,80.4349136352539,29071300
2015-01-19,80.99114766145107,82.2580882879753,79.06757086151207,81.40058898925781,21106900
2015-01-26,81.39283595408372,83.23143433009386,80.63576256756829,80.66666412353516,27245400
2015-02-02,80.94481225611277,84.77651868253487,78.46501862887452,84.23575592041016,26442700
2015-02-09,84.11216963524919,86.82372274463758,83.46325416640327,86.43746185302734,23901900
2015-02-16,86.28293376167572,86.87004589578964,85.01599889182953,86.70781707763672,22946900
2015-02-23,87.28721096588214,91.09574256014396,86.36791430097195,88.6468505859375,37124200
2015-03-02,88.73182148837572,90.43136646007237,88.06745251543379,88.41508483886719,22813600
2015-03-09,88.36100875238594,89.96785491790558,86.83914631888635,88.70092010498047,25761600
2015-03-16,89.5533611172139,91.61883914986858,87.98483454825568,91.2305908203125,25301400
2015-03-23,90.88118633462146,91.49461951854958,86.64151451044779,88.41192626953125,22136800
2015-03-30,89.26607628763058,90.11246092639524,87.30154022431365,88.93994903564453,16899700
2015-04-06,88.09353746818718,90.26773033188198,88.06248281728203,89.48346710205078,18522800
2015-04-13,89.26605370852671,89.63100807999926,86.78902751217419,87.04527282714844,21523500
2015-04-20,87.74413620288043,88.91664800029677,87.11517570637379,88.28768157958984,19184900
2015-04-27,88.55945916585819,88.60604707640759,82.79008791621501,85.06522369384766,34338700
2015-05-04,85.368044958442,88.11684385419176,83.27150041548062,87.33258056640625,23363700
2015-05-11,87.15398029358329,88.05471923007786,86.05912312333982,88.0158920288086,20511200
2015-05-18,88.41969731337845,90.44635453994064,86.36197950230869,87.09188842773438,32948500
2015-05-25,86.96763485068038,87.51118019881714,85.9504260173673,86.51726531982422,16877100
2015-06-01,86.94433597222525,88.11684764160017,85.62428803491184,85.70194244384766,26374200
2015-06-08,85.9775850243307,87.68714669268853,85.11109535316288,86.336669921875,19020600
2015-06-15,86.04786427757753,88.44437075519275,85.51704170489731,87.76522827148438,29631700
2015-06-22,88.15551739498024,88.76440073661269,87.60908515394208,87.89791107177734,18657000
2015-06-29,87.08607633691756,88.0618525811217,86.22739443315103,87.03143310546875,19187400
2015-07-06,86.07906467353388,88.58486302247057,86.00100377407645,88.28822326660156,21449800
2015-07-13,89.15473338356122,90.66914019394133,88.8580995153663,89.35769653320312,21957800
2015-07-20,87.62470891901033,90.63790651285673,87.56225780846107,88.67073822021484,24990000
2015-07-27,88.49900920013776,92.21476105201623,87.983796456466,91.3560791015625,21341300
2015-08-03,91.8166301917762,92.52699209673025,90.38028467340703,91.27799987792969,19707300
2015-08-10,91.7463754688687,93.78379653973043,90.31783776067097,93.47935485839844,23455700
2015-08-17,92.97197049892733,96.6408931902388,90.66914066888755,90.67694854736328,40514000
2015-08-24,85.90733054511321,92.47234907333382,71.94982534728416,91.73856353759766,46112500
2015-08-31,91.34048409244065,92.17574849992454,87.86671633828163,89.31867218017578,30379700
2015-09-07,90.76987939579702,92.16645879861339,89.20068797942085,90.57373046875,20824100
2015-09-14,90.62080657517004,94.01025988036017,89.36545460769044,90.32266235351562,32501600
2015-09-21,90.98174324471168,92.71569953017239,90.10299364892505,91.5937271118164,24568800
2015-09-28,91.4289458917632,92.50384427244585,87.71781117991533,92.4332275390625,28874000
2015-10-05,93.17075624446407,95.32839481012535,92.5116986104106,95.19501495361328,23335900
2015-10-12,95.32052495727933,96.36403862062168,93.80625509562904,96.30126953125,18551400
2015-10-19,96.19929437630657,98.66292478265623,95.87760721546911,97.76848602294922,21044800
2015-10-26,97.72140076048146,98.59230250139485,95.89329126930359,97.00741577148438,24673300
2015-11-02,97.47816770774108,98.945363815915,96.80341492952121,98.84336853027344,18941900
2015-11-09,98.70216296263389,98.95323340190517,94.07304612670269,94.15150451660156,25116400
2015-11-16,94.19074172727794,102.16223907470703,93.06092169731367,102.16223907470703,37658900
2015-11-23,102.16222778823513,106.28919752377243,102.16222778823513,105.71644592285156,21641000
2015-11-30,106.07733631306779,106.17149593807427,102.62512001966434,105.5516586303711,30423300
2015-12-07,105.60123102068242,106.22380015138167,102.69325489917627,102.79570770263672,24717700
2015-12-14,103.30790936923091,105.23867502454078,102.4567938425082,102.67745208740234,29780000
2015-12-21,103.23700344924426,105.19141052922946,102.59078131978795,104.73432922363281,11578600
2015-12-28,104.22209930419922,105.86128385912623,103.93839405382771,104.22209930419922,11308000
2016-01-04,102.5356380763888,103.97780550816134,97.32650252117928,97.64173126220703,41226900
2016-01-11,98.40615636234226,101.50326708572426,91.49478939868754,93.9614486694336,45343600
2016-01-18,94.9938031498907,98.24852476197788,89.51672200069171,96.74331665039062,33230500
2016-01-25,97.23192867955767,99.10753631591797,94.81255764682616,99.10753631591797,27249100
2016-02-01,98.44555484523137,100.15566272936728,91.1716830558017,91.75485229492188,35281500
2016-02-08,90.572729294345,91.7548322577207,86.38808672799075,91.66814422607422,35975800
2016-02-15,93.08668033032103,95.90796180750915,92.7556868950193,95.90008544921875,22833300
2016-02-22,96.932473031396,100.67580024195803,96.24685093570247,99.50157928466797,36248100
2016-02-29,99.50158778822791,100.47879160742279,97.70479153559928,98.94993591308594,25917600
2016-03-07,98.51649498802936,101.4717473540065,97.96484314988929,101.23533630371094,22619400
2016-03-14,101.76821370245251,104.66840879767145,101.50673160387414,104.08203887939453,23496800
2016-03-21,104.22468002216357,104.70012626811993,102.5844134467047,103.37681579589844,14837500
2016-03-28,103.48775854137835,107.13280233604935,103.40059379351116,106.85546875,17110100
2016-04-04,107.82218600464313,107.94896118251377,105.43704736015327,105.88079071044922,17859100
2016-04-11,105.84908654741949,107.19616785927947,105.29440742972396,106.98221588134766,19741100
2016-04-18,106.82375240117635,108.55911537718316,105.71439401478365,107.49729919433594,21097100
2016-04-25,107.11694315528605,107.98859057091623,104.39900891663054,106.0947494506836,19994400
2016-05-02,106.47508006037482,107.96480006994081,105.49250906776582,107.52897644042969,17716900
2016-05-09,107.44182610113533,109.20889195457494,105.4132781260743,105.49252319335938,23924900
2016-05-16,106.05513693159325,108.20255280867629,103.02816597625969,104.47826385498047,42310300
2016-05-23,104.47032669435323,106.8950760383301,104.04243472998704,106.1343765258789,22075600
2016-05-30,105.84118815076704,106.0234373065468,103.74131465952935,104.3910903930664,19125600
2016-06-06,104.19884254507791,104.23865809221985,102.11996295927749,102.6137924194336,23604600
2016-06-13,102.70143561668726,103.1076491037118,99.33221420211578,101.2677230834961,29248100
2016-06-20,102.05625617370485,102.828867500454,99.96144276677575,100.67829895019531,24969200
2016-06-27,99.83399932637069,103.72891084731937,98.46401493149996,103.2430419921875,29111200
2016-07-04,103.22712720644462,107.01848936167991,102.3509662139461,107.00255584716797,17809600
2016-07-11,107.39283979135847,108.31678910345889,106.01488865671311,107.35301208496094,20873600
2016-07-18,107.89463589818112,109.47967399900124,107.37690005245027,108.73892974853516,18219700
2016-07-25,108.76282108792198,110.49123644739039,108.29288579164663,110.10891723632812,15851600
2016-08-01,109.96555231020221,110.71426945832694,107.8946452096825,109.04957580566406,17523500
2016-08-08,109.0495794209934,109.51951478572894,107.5760392696649,108.77877044677734,18074500
2016-08-15,109.2088749691536,110.43548815192618,106.986629862351,107.89464569091797,27225500
2016-08-22,108.00617267840927,108.76285062691525,106.66803684570303,107.01850128173828,17188900
2016-08-29,107.41676952689397,108.22920882212985,106.41317662363575,107.64775085449219,18573300
2016-09-05,108.0476716684164,108.65611589529395,102.25940114374367,102.26740264892578,20231000
2016-09-12,101.27464725166959,103.15603886568394,100.41801609235958,100.96241760253906,30614700
2016-09-19,101.41876324359039,103.79651092393675,101.01046054558377,102.30741882324219,22084300
2016-09-26,101.75500780109861,104.66916159390284,100.35397502541231,103.01993560791016,27555300
2016-10-03,102.63565133366131,104.43697911055644,101.21860950336504,102.72371673583984,25601000
2016-10-10,102.83580652971392,103.22810011702961,100.20987170761046,101.21060943603516,21127300
2016-10-17,101.01846703732036,101.73899940580704,99.68148293069513,101.3547134399414,18188400
2016-10-24,101.85910649853383,102.58764049494903,97.55192677785385,98.93695068359375,26772100
2016-10-31,98.75279029685223,98.87288003671902,95.43034006996618,96.79935455322266,27731200
2016-11-07,98.07229930609823,104.18080642915275,96.32701242922815,103.9566421508789,33901900
2016-11-14,104.47702543389096,104.58910757789884,98.40855000023548,102.73974609375,45907400
2016-11-21,102.69971520484918,105.78999402575629,102.00320560385919,105.33366394042969,15736400
2016-11-28,105.07745932986808,105.39769050998261,103.1240173694746,103.97264099121094,25096900
2016-12-05,104.88689423776462,107.36579392854851,103.56694309203536,107.35774993896484,25495300
2016-12-12,107.14849876120067,110.52078490959852,107.14849876120067,108.74208068847656,35468200
2016-12-19,108.7018535003741,110.45641375075844,108.48454293173744,108.69380950927734,16901900
2016-12-26,108.46040261116458,109.3457329000137,107.71190614223995,107.91311645507812,12551300
2017-01-02,108.73401941946499,109.41008288349248,107.08409298297761,107.47041320800781,17003600
2017-01-09,107.2209331822135,109.77227801591556,107.15654441999034,108.68573760986328,21599800
2017-01-16,108.72597492430263,110.08615826909119,108.33161066802893,109.1364517211914,17779200
2017-01-23,108.90306291882773,112.17071628924745,108.65356410693396,111.33368682861328,20823700
2017-01-30,111.06005059615973,111.56709224217637,109.88497694547526,111.05199432373047,13753100
2017-02-06,110.60933349673505,113.13654695772262,109.72401543901854,112.55706024169922,16217700
2017-02-13,113.06409699704426,115.18887743654733,111.91317988772732,115.09230041503906,21276500
2017-02-20,117.18485050376117,117.77238097501149,115.29346930610093,117.46653747558594,22014600
2017-02-27,117.40213065354324,119.32569979043103,116.27535837787971,118.9635238647461,22279500
2017-03-06,118.41628777743497,118.72211907749262,117.36999177811717,118.19093322753906,18326000
2017-03-13,119.29889692896903,121.45280651135374,118.59442766592595,121.13700866699219,22422800
2017-03-20,120.95888420088033,121.58237468753384,118.27054326936617,119.60662078857422,21559900
2017-03-27,119.08832374665894,119.58225268804706,118.17331469914447,118.89398193359375,17008100
2017-04-03,118.98308756778565,120.19769644478528,118.26242012832482,119.1369400024414,15858100
2017-04-10,118.99925341694706,120.65111560349445,118.11662848298631,118.1490249633789,14681800
2017-04-17,118.14094832007308,121.58234003607649,118.02758532247739,121.46088409423828,18618500
2017-04-24,122.33539728352852,126.53794562134173,122.14916073096698,126.4002914428711,26558300
2017-05-01,126.49752301218672,126.53801246386375,124.50555813274778,126.10074615478516,15187200
2017-05-08,126.19781763925495,128.06020730048343,125.77674993455386,127.0642318725586,15662100
2017-05-15,127.35583530495335,130.25470437365814,125.70397206113101,126.56229400634766,31767200
2017-05-22,126.71606037745298,127.12902281883531,124.12488569663624,125.4285659790039,20397200
2017-05-29,124.69986901113425,126.20598480640354,123.67960180362003,125.79302215576172,17533400
2017-06-05,126.66654362397627,126.73983832692034,124.42689212458782,124.57349395751953,17818000
2017-06-12,124.44319152168053,128.09178416044907,123.5717574659348,127.570556640625,27304800
2017-06-19,127.79040856012115,129.671713288284,122.903897608201,123.22966003417969,28238200
2017-06-26,123.52286777096765,125.42046460328838,122.7736041489982,124.93180847167969,20278900
2017-07-03,125.7380823326956,126.06384478938034,123.1563769609935,123.97893524169922,13274900
2017-07-10,123.97084237542337,125.52638541203477,122.57004091367486,124.50836181640625,21875400
2017-07-17,124.52458688647353,125.82766149085191,118.58748133645344,119.4344711303711,38142900
2017-07-24,119.40190951809866,120.75384735479287,117.4798811560037,120.59910583496094,23954400
2017-07-31,120.53394713456424,124.40243530273439,120.15930912827497,124.40243530273438,21523300
2017-08-07,124.46759305136545,127.03300660711034,124.17440186553394,126.13715362548828,18981600
2017-08-14,127.08187581688554,127.09002795638084,119.6869656935576,120.11860656738281,37685100
2017-08-21,119.80098895627621,122.65145424484933,119.62995557106315,121.87774658203125,19510000
2017-08-28,123.74277859613149,124.10926452373795,121.37281720947692,122.79804992675781,25321400
2017-09-04,124.28612706134408,131.64285266025757,124.27792671234093,130.79904174804688,33976500
2017-09-11,129.7832339066469,132.2081755058848,127.9809190358745,129.766845703125,33771200
2017-09-18,130.25830467481524,131.15126741113843,128.75091597304478,131.05296325683594,18981800
2017-09-25,131.11859899562367,134.03507436838393,130.87282593038873,133.99411010742188,20168000
2017-10-02,134.51834184819882,136.50908876727092,133.71549530290667,135.87008666992188,14935500
2017-10-09,136.10768375075983,136.50911334594895,134.6412588019216,134.73956298828125,13863300
2017-10-16,134.7396153745829,135.1082687172951,132.3146736637997,133.88760375976562,16376400
2017-10-23,134.38725180760022,137.5822745694427,134.14967924992482,137.09072875976562,19342100
2017-10-30,136.8040577577196,136.8040577577196,131.51179413398242,134.67404174804688,19996800
2017-11-06,135.00991519930363,135.07545549193998,132.9454397331231,134.44464111328125,16346600
2017-11-13,134.87882401836129,137.98371857233454,133.6581596023998,137.41845703125,32125800
2017-11-20,137.74616036372194,141.80957110889617,137.46762348818865,141.1787567138672,16916000
2017-11-27,141.62111044624666,148.01114414136663,141.21969340997634,147.80633544921875,29354400
2017-12-04,150.83592884540295,153.40488651351927,147.12245374832457,151.01707458496094,30010300
2017-12-11,149.74084081905275,151.5028847368068,149.13153121614275,150.33367919921875,28236500
2017-12-18,151.09116536169807,155.48803876616182,151.09116536169807,154.9034423828125,24087600
2017-12-25,155.2327977303914,157.67002324606253,155.07635254529583,156.05618286132812,16695300
2018-01-01,156.61605617380155,158.53453204260848,154.64816665457343,158.50160217285156,17487400
2018-01-08,157.85935672250508,164.19941804774726,157.595867519365,161.72926330566406,20287900
2018-01-15,162.91497791525708,165.77212524414062,161.13646306726403,165.77212524414062,19973000
2018-01-22,165.99440217892393,170.69592295936366,165.92028798880656,170.6300506591797,20165900
2018-01-29,170.6300383912807,170.94292865369437,157.73584123085263,159.7119598388672,23892600
2018-02-05,156.5008367412961,160.16489850306664,144.43823558004598,151.6016845703125,44619000
2018-02-12,153.60248301062433,154.78815948836734,148.94212062988495,153.94830322265625,30557000
2018-02-19,156.3608316308054,157.62885177057322,150.56420582630403,155.0845947265625,26418600
2018-02-26,155.75974616143006,156.2702408646557,145.1957146141494,146.94129943847656,27481600
2018-03-05,146.44728016274647,150.67947924106122,145.516850942626,149.9878387451172,25082500
2018-03-12,151.0667883948274,151.58848339093853,145.65114501640733,148.193359375,28000500
2018-03-19,147.93661218867192,149.17045698202202,142.0655230507379,142.26426696777344,23663600
2018-03-26,144.1771743515966,148.00290428772448,143.68860962483384,147.59715270996094,20779600
2018-04-02,146.69446362810544,149.08761589994666,141.1214850930473,144.45864868164062,26306700
2018-04-09,144.96381946603088,145.3364532902911,142.26428066939036,143.0923614501953,21799100
2018-04-16,144.27650405434176,149.26155365613994,143.52296018256,146.5785675048828,22915500
2018-04-23,147.08371684895891,154.88423695642058,144.5415152044746,154.40396118164062,26175300
2018-04-30,154.8428315060493,155.51357492442,150.04823665497474,153.21978759765625,19483700
2018-05-07,153.52616161657886,157.9978051203343,151.1247325642816,157.592041015625,20348000
2018-05-14,158.57746941505073,158.70167647788202,153.08728979872782,155.1988983154297,31153300
2018-05-21,155.8448150297244,157.98126516073927,152.92169061030177,154.72691345214844,22792500
2018-05-28,153.65039744344548,156.36650150037943,152.37514591500687,155.1409454345703,17247600
2018-06-04,156.73397230615743,165.29430082348836,156.52579308597672,165.15274047851562,20854200
2018-06-11,165.63572208172454,167.87573258185407,165.01118440501565,166.9930419921875,26114600
2018-06-18,165.66069826692924,167.54263384291846,164.18678583045136,164.3866424560547,23767900
2018-06-25,164.38664775373095,165.5691042375923,161.13904419083553,162.46307373046875,19270100
2018-07-02,161.39723947366554,162.97107433368544,159.9816101943445,161.9468231201172,11024200
2018-07-09,162.96268666727107,166.48507542097738,162.40476789682594,165.4525146484375,13744100
2018-07-16,165.82723582390332,169.6743836703995,164.78633974368242,168.58352661132812,18236300
2018-07-23,168.59187974297063,170.08243749674432,163.7787640692225,164.1618194580078,19856300
2018-07-30,163.65388317986634,164.90295877287787,161.17238989283462,162.9127655029297,14066300
2018-08-06,162.89610237613823,166.3269052017583,162.47142126239498,163.4623565673828,13083900
2018-08-13,163.46234550977013,164.5365448218686,159.1238844586726,162.84613037109375,32407600
2018-08-20,163.07930532486046,169.49955942238466,162.71290778693376,167.62594604492188,18737600
2018-08-27,168.89998045489918,168.99990242287578,165.7939497898551,167.18458557128906,15374300
2018-09-03,167.97460246150467,173.44848137413166,167.8155731916174,172.6114959716797,15443000
2018-09-10,174.2017571535618,180.31173971686746,173.71630413981254,174.988525390625,25539700
2018-09-17,174.99692929079583,178.00170416067414,174.22690416592198,177.76734924316406,23762300
2018-09-24,177.03916586070906,177.30699456343896,172.14279587240102,173.38153076171875,19217700
2018-10-01,174.52814055543294,175.59110246096006,162.8522007019624,164.3671417236328,23273800
2018-10-08,164.25002792944665,166.76098425840732,157.74664746145086,161.09458923339844,25638100
2018-10-15,161.00249630737085,162.44211207627424,149.46047438969265,150.5318145751953,32952200
2018-10-22,151.34370598315147,152.64102313454345,143.0491776136166,144.15399169921875,33363500
2018-10-29,145.4178414757833,153.17668659062028,143.08264516247655,150.59877014160156,27870900
2018-11-05,151.5110805310977,157.9307561626336,150.0714648128741,155.6708984375,20712600
2018-11-12,155.03480535944607,156.4744212997388,144.6729345718678,148.1631622314453,44923500
2018-11-19,147.90365512399595,149.71991141172887,139.77652349763062,141.324951171875,23327500
2018-11-26,142.45490115931588,150.96704046557036,141.29987008401613,150.92520141601562,33630000
2018-12-03,154.32874139803133,154.50556540928906,143.52599300815945,145.48782348632812,28467500
2018-12-10,145.99303007443115,148.92315939387234,141.22735104004354,145.06683349609375,26883100
2018-12-17,144.41006651243939,147.3065215137637,134.86187878078894,135.12289428710938,37800500
2018-12-24,134.85345972536112,145.76567030082748,133.11052988679384,143.3238983154297,20310200
2018-12-31,144.37639800418813,147.12971598958052,141.6315081630514,146.18667602539062,18022000
2019-01-07,146.36348087386105,152.62790383631716,146.36348087386105,151.06179809570312,21463600
2019-01-14,149.52937191456797,151.59224996185523,144.82263922327854,151.20494079589844,25833200
2019-01-21,149.44518322408865,152.2911078002595,146.95288094222607,151.89537048339844,19545000
2019-01-28,150.69131576988033,155.89482038746857,149.37781024884947,155.23806762695312,22627100
2019-02-04,155.17920140951182,157.4441630141507,153.62151033521675,155.3812713623047,15843600
2019-02-11,155.76853886565627,162.1845145714278,153.8740566362091,161.99085998535156,19247800
2019-02-18,161.41831152294188,162.66445623648875,160.49211507165575,161.99085998535156,14214300
2019-02-25,162.29398405527806,162.85811724411272,153.91616487982756,155.91168212890625,42133900
2019-03-04,156.77892474167325,156.81261162006282,151.15442374191036,152.59422302246094,21188000
2019-03-11,153.2425789137648,155.15390478660643,151.19654405454347,153.4362335205078,24623600
2019-03-18,154.833201634388,162.90865635928753,154.66355188902813,160.10939025878906,23534800
2019-03-25,160.1094078001047,163.02743033639328,159.80403304762223,162.77294921875,20287800
2019-04-01,163.70608148945084,172.3074573075554,163.58732533194055,171.39981079101562,19434400
2019-04-08,170.81445353073408,173.26592931370598,167.97278461604836,172.91815185546875,15913100
2019-04-15,173.18114419910418,176.25184798605778,172.53645690260873,174.4535369873047,12755700
2019-04-22,173.1387458399985,176.69296545492324,172.48558051920745,172.71461486816406,15899800
2019-04-29,172.46008479596023,172.87573769014318,168.51567305370307,170.1273651123047,18238900
2019-05-06,168.58352000135739,169.59294046254885,161.1781866963005,165.05474853515625,17145400
2019-05-13,162.01805129466362,165.37717470248847,160.44028336641207,163.35830688476562,19423100
2019-05-20,162.12827958894346,164.44403064468403,158.00572678390049,164.21499633789062,30597900
2019-05-27,164.8851359783189,166.65800006778656,159.49866826795665,161.04251098632812,16447000
2019-06-03,160.7625699312591,168.82105652854378,160.10940476184032,167.36204528808594,20698100
2019-06-10,169.6123206385339,176.39476552431776,167.28886312012332,175.7711944580078,17943400
2019-06-17,176.82185278092322,181.08437460067324,175.88221453312633,178.86341857910156,27186500
2019-06-24,177.804188275262,178.7523639336613,174.43005413321998,177.6504364013672,24958400
2019-07-01,179.12821642495896,181.73356508830162,177.82127338034147,180.6316375732422,11989700
2019-07-08,180.22162137407247,186.43174548020508,178.38507101946368,186.41465759277344,16440000
2019-07-15,187.02970373307735,187.32868312909338,181.8873441475854,181.98130798339844,15158800
2019-07-22,181.94713766338427,185.54337555602166,179.70910661988987,185.287109375,12572700
2019-07-29,185.18458128218302,186.72216521949358,180.3070389163882,181.22103881835938,14322600
2019-08-05,178.98305797096398,181.4431929583175,173.5161058148918,179.40162658691406,17981200
2019-08-12,177.76147310999593,180.76828913137587,170.03085404730263,173.96022033691406,18757100
2019-08-19,176.80474086340317,190.19878761590752,175.36967140826164,185.7654266357422,37118700
2019-08-26,186.61108264763436,195.84510849141097,184.66346809566605,194.68338012695312,19011100
2019-09-02,193.43625726419515,197.6389777074416,188.4989141600822,197.43397521972656,13883300
2019-09-09,198.9575960800602,202.3867187637153,197.41922562127647,201.08897399902344,18809600
2019-09-16,200.0146958307681,200.7709967468365,192.70955706149707,193.08770751953125,21016200
2019-09-23,192.64941886501438,199.17247543083374,192.46893318191613,197.54815673828125,18334600
2019-09-30,197.831750656551,201.54447312087223,190.89615979757022,195.88943481445312,16861500
2019-10-07,195.52854127757627,203.42668999671542,193.4573288984518,201.6734619140625,15254400
2019-10-14,201.29524800639118,205.17126396587176,200.96866113622332,204.4837188720703,13148300
2019-10-21,204.76735752154494,205.39474954739265,199.8600298598153,201.4327850341797,10540200
2019-10-28,201.92266681479234,204.11421149785198,200.14365713798395,203.97669982910156,12241200
2019-11-04,204.7759547347,204.87908191917546,197.90052934122784,200.1092529296875,13719800
2019-11-11,198.0981743532602,204.58685904269518,197.8231510703647,203.93368530273438,13507200
2019-11-18,204.92205048935335,205.66974878454022,187.1920435320259,187.38111877441406,44555200
2019-11-25,187.35535209426556,192.03923327385542,186.39279668360263,189.51251220703125,28487200
2019-12-02,189.84767435464497,190.09691586355234,182.0011042102604,184.15826416015625,23952100
2019-12-09,185.34478910705855,188.44988016649043,182.16187115578745,185.1631622314453,34843200
2019-12-16,185.46585805869321,191.64143511673257,185.35342678516943,191.31275939941406,33285300
2019-12-23,192.01334979287532,192.01334979287532,189.53966376763535,190.25755310058594,11936400
2019-12-30,190.60352639286407,190.70732637186168,187.20437732856567,189.3580322265625,15101200
2020-01-06,187.2475908362094,195.083808087736,187.16973756724582,193.93345642089844,25354600
2020-01-13,194.17563552845573,201.18153233440012,192.12576778645473,200.58473205566406,26790300
2020-01-20,200.2560666273047,204.58069124793965,199.41708839508496,200.66258239746094,17989700
2020-01-27,197.37589804039405,204.0185294309062,197.107773380727,197.28941345214844,19771900
2020-02-03,199.19221432350406,207.17546774426842,198.37053827828748,205.24668884277344,18861000
2020-02-10,204.6412452719439,212.0795918078361,204.27796518460147,211.93255615234375,14162200
2020-02-17,211.7682211197115,213.9478356842235,209.44157089775135,212.20068359375,13188800
2020-02-24,206.26730357521961,213.61052133682378,183.6495208422027,188.41525268554688,39797000
2020-03-02,190.2662177426562,208.7237292070787,188.97748780414327,197.64402770996094,36227100
2020-03-09,184.98149639003054,195.32600468608075,159.8727259360327,177.8891143798828,45802000
2020-03-16,158.44338510239695,162.03942812999784,122.44817206751968,132.478759765625,69554400
2020-03-23,130.65901266657545,172.57507885580083,127.41996365602395,165.9141387939453,55707600
2020-03-30,165.9315003843857,172.57502023311798,151.50380415194473,155.5961456298828,35784000
2020-04-06,163.6937760222056,179.35788203197288,161.1948380546646,175.47450256347656,27112600
2020-04-13,174.53416649473215,183.06714424641567,170.11094923918998,182.34445190429688,29745300
2020-04-20,179.47974985517985,185.4005769021406,173.71563120105935,184.74754333496094,22256500
2020-04-27,187.23782286980577,195.23096253340958,186.34099095474198,190.3114471435547,23906600
2020-05-04,188.66577999940398,205.09611665493213,187.3858461916358,204.12091064453125,20933700
2020-05-11,201.80482793351533,211.78317526526445,196.95495802398645,208.3874053955078,37625900
2020-05-18,214.0557220542456,216.21509624188306,204.5736739040431,210.6077117919922,33050500
2020-05-25,216.06707946957982,219.61958441235353,209.64993919215536,216.3544158935547,19800900
2020-06-01,217.16419845900325,222.77158367903115,214.08187174031448,221.94439697265625,23160600
2020-06-08,221.15869869125828,227.11489415763313,207.63463526917678,212.3645477294922,22920000
2020-06-15,208.13390774882456,223.02439047097528,205.23464531020096,216.0433807373047,30238900
2020-06-22,215.21129555481448,221.9908504204017,210.43758404252634,211.103271484375,18734600
2020-06-29,212.54851775811855,220.99229732845112,210.51639828845387,217.66383361816406,15040000
2020-07-06,219.21418457056643,220.29155103812047,215.6667434016565,219.07403564453125,14095600
2020-07-13,220.65941566255918,228.86670777649655,217.62877221136728,228.0696258544922,18997900
2020-07-20,226.89591275276146,234.56887222471946,226.00246674081663,232.3878631591797,13305600
2020-07-27,232.19517327908122,235.68130762360462,228.27108356753763,232.5455322265625,13502000
2020-08-03,233.6317236207527,240.8054360191749,231.10032829291953,237.9324493408203,11597100
2020-08-10,238.6156677279227,247.85651736325414,238.07258049660487,245.73680114746094,14275100
2020-08-17,249.10904451669526,254.52216724392142,243.8711146546397,248.08424377441406,26554600
2020-08-24,249.62576545835057,256.59803341890415,246.93674010112028,250.76446533203125,17818300
2020-08-31,249.63463756387208,252.29741451581117,231.82737851248288,236.1981658935547,21438700
2020-09-07,235.19830189188914,247.41127278550897,231.41203450195616,243.31678771972656,16881400
2020-09-14,245.2715708395942,252.4479103765533,238.45627862540374,242.31300354003906,19849300
2020-09-21,239.38967449264345,243.57219177760504,232.35424875328604,236.46630859375,16540900
2020-09-28,239.44252572368188,247.49937016137022,238.00725746863546,245.9408416748047,15529300
2020-10-05,247.35844412390753,252.95860077354416,242.82369414038473,251.76109313964844,13243200
2020-10-12,253.05546426700312,257.68703259855283,249.29558493984044,253.29319763183594,13140800
2020-10-19,255.14231602114364,255.45047994486512,246.1520876772208,249.18992614746094,11551700
2020-10-26,246.23135480568862,247.8955420776276,230.72521177011646,234.84608459472656,15927200
2020-11-02,237.87518029557205,254.4731766004121,236.43991205888182,250.28184509277344,14874900
2020-11-09,253.57501425577618,253.96244956758838,237.08267929613038,244.05648803710938,23430600
2020-11-16,245.82635197156952,247.6842841920755,236.5984150314107,237.57579040527344,27055000
2020-11-23,237.75187421387585,243.5369349257968,237.34681113390513,243.01742553710938,12694600
2020-11-30,242.33944079943865,245.62382700899195,231.42087538463542,232.45108032226562,24636800
2020-12-07,233.28475332844067,235.56006082249252,229.06173355449832,234.21434020996094,23956000
2020-12-14,235.62203032215442,244.12118720989147,234.8517695751315,239.43780517578125,27064500
2020-12-21,237.76451691805897,240.76580230143045,235.39183606575878,239.85391235351562,10910100
2020-12-28,240.96058675291295,241.03140135567813,233.3555685319523,235.16165161132812,10325200
2021-01-04,235.50695649442454,239.68572075640535,231.12455633393697,238.2337646484375,20364700
2021-01-11,236.79947442687316,248.3176389340262,236.61356248919907,243.9883575439453,21489800
2021-01-18,246.12201970060107,252.39015133592176,240.3673681608388,251.4340057373047,16014000
2021-01-25,251.3012283012806,253.0010488165698,239.06594649388006,239.76536560058594,18377600
2021-02-01,240.1283097443521,249.45084304104583,236.60468303565762,246.88336181640625,15988200
2021-02-08,247.61823227999514,248.2645336436537,244.36022064845253,245.68821716308594,13381500
2021-02-15,245.2455648642202,252.03603894453124,243.35980538899088,247.57398986816406,14021800
2021-02-22,246.30792224354028,246.55581383506308,224.90062581724584,228.71640014648438,45035800
2021-03-01,229.13253799353168,232.93945088576288,218.31379095749475,224.4491424560547,26033400
2021-03-08,225.07769962951517,242.41248248337848,223.56379116252376,241.78390502929688,24022900
2021-03-15,244.54629192432697,257.5531311035156,244.40374801808596,257.5531311035156,33259800
2021-03-22,255.236816197209,270.8271976403195,253.18780551110154,270.6579284667969,26447300
2021-03-29,270.2035168777156,274.8806303650274,267.2012598082351,274.1679382324219,18356300
2021-04-05,276.0298390217718,284.47537845312115,275.9407457188384,284.39520263671875,21128500
2021-04-12,283.05004855215736,292.80518349782903,282.408614649052,292.279541015625,20353800
2021-04-19,290.8630161026447,292.94766927078444,284.0477985938293,288.5467529296875,20978000
2021-04-26,288.35965934398337,290.27504343200417,284.45760563503535,288.35076904296875,15278300
2021-05-03,290.6759520072762,302.72954183976134,290.14141925625836,302.23065185546875,17403000
2021-05-10,303.2997452901166,307.96794222483186,281.7582719087168,288.3151550292969,25321300
2021-05-17,285.9721113570296,289.1436378936555,275.34393318267735,281.31280517578125,24415700
2021-05-24,282.26604277004213,286.4264588322989,279.95866988298513,284.11016845703125,16264300
2021-05-31,285.6692418901088,286.2037746873496,275.59340333386973,277.072265625,12221100
2021-06-07,278.62365931378963,280.2893974083357,274.16383544103695,278.3102111816406,16563400
2021-06-14,276.6624188718461,277.67439534427626,267.2322728773933,271.0025329589844,26430400
2021-06-21,273.36671397119864,282.5102743765999,273.0264005031971,280.8714294433594,25139800
2021-06-28,280.89838658188387,289.37028706579906,278.8475681861147,288.9941711425781,13626600
2021-07-05,289.11051346855805,290.53446260505024,281.9192451019352,288.44781494140625,12299800
2021-07-12,287.53447337336087,292.20028492580167,283.73731977385364,287.95538330078125,15344800
2021-07-19,284.77608239306045,298.6213121999443,282.01779899795554,298.07501220703125,15831400
2021-07-26,295.594406176844,297.2153506481438,290.79424053689,293.9107666015625,12592100
2021-08-02,295.53168858783755,300.90499201670735,292.32562956716043,295.3883972167969,11146600
2021-08-09,294.8421088369047,303.1886189492379,292.97934844228257,296.71380615234375,11893200
2021-08-16,296.1674427477208,300.5735624079261,283.54017759606387,294.8509826660156,23604300
2021-08-23,295.5316275651355,296.0062681768117,286.26267559822327,289.60308837890625,13676800
2021-08-30,291.86889904563895,296.3376877897411,286.82694479966966,295.836181640625,16332900
2021-09-06,297.9612908028071,301.74173687479265,294.2438585747837,298.7893981933594,10965200
2021-09-13,301.48977208007096,305.72024336441854,297.1242632535417,302.1378479003906,19783600
2021-09-20,298.6814405419058,305.60324116244664,295.62109302682524,303.7760314941406,14512000
2021-09-27,303.21790789481554,309.40161548787836,292.15562650135314,296.9081726074219,15763400
2021-10-04,295.6840714104399,305.3331843677074,291.7776245699714,300.940673828125,13362700
2021-10-11,302.07480114116,315.8913981522007,301.17469745925484,315.40533447265625,14324600
2021-10-18,314.13617240735243,330.3650400435632,314.13617240735243,329.4289245605469,14058000
2021-10-25,330.51810204875306,337.6739102512836,329.4289567531528,334.60455322265625,15126900
2021-11-01,335.7387190784818,337.00786873910533,328.26786848872746,331.5982360839844,14426600
2021-11-08,333.2363258366453,336.5307080118074,329.28485820391126,335.40557861328125,11882500
2021-11-15,336.98979980922905,369.13249165675666,332.3992659578831,367.86334228515625,24991500
2021-11-22,368.862485539677,374.94719534616104,362.0667135873469,362.4717712402344,13247500
2021-11-29,366.2522218456603,374.38015786382215,360.2395352000074,367.0713195800781,23957700
2021-12-06,373.75020416864066,380.15832868315823,369.0141636579736,375.44940185546875,19356500
2021-12-13,375.44943588470755,376.44365032164274,350.16039390731373,350.6665344238281,28580900
2021-12-20,347.3313953940449,361.3858824699451,344.26741118403015,358.8822937011719,13344700
2021-12-27,360.66281816691424,376.47072973609056,359.9126269671863,375.096923828125,11149500
2022-01-03,376.5068735674858,377.6547228715537,355.09522943277517,355.7550048828125,19261200
2022-01-10,350.1423401662614,356.38778387025616,335.7715059916178,336.2234191894531,24251200
2022-01-17,330.8908034484558,333.24075727041753,313.79039825865516,315.5257568359375,24769300
2022-01-24,310.7173596882453,331.45113423925307,310.5636971029735,331.2884521484375,28716600
2022-01-31,329.72490751381827,338.6366501806705,320.18050291510866,325.0792541503906,19068500
2022-02-07,325.6124047877463,332.1199362616275,315.03762821663616,316.60125732421875,16412400
2022-02-14,314.5315209010265,323.04557593072013,311.00660420054965,313.51019287109375,20254800
2022-02-21,302.8631212304345,304.3092486821471,270.5061539634772,286.1965637207031,45706100
2022-02-28,282.8704420919877,299.3381539497206,280.6199240370458,293.07464599609375,24510900
2022-03-07,293.0747031819912,297.90113195700854,279.0563494796772,286.3231201171875,21074600
2022-03-14,293.61584484446877,309.82830810546875,287.5236528333033,309.82830810546875,23854700
2022-03-21,307.3732660369732,309.78285442400045,280.33123823120116,282.4953308105469,24358100
2022-03-28,282.7863113571198,291.8791187962555,271.7749348678687,274.5027770996094,33065700
2022-04-04,274.1390160350342,283.95926376701385,266.9557044040862,282.88629150390625,26518400
2022-04-11,279.8856756402302,285.6687150240571,276.7213689774537,276.8941345214844,15977700
2022-04-18,275.51208165056676,289.5150003826672,271.6203609471147,272.8842468261719,18360300
2022-04-25,272.78427292224205,286.0052251196077,269.3926451392504,273.1479797363281,20286000
2022-05-02,274.59368202703956,287.1053938998025,263.1549425176665,267.61041259765625,20876700
2022-05-09,263.94598324043693,273.7571291221326,255.17143060855426,269.1743469238281,21913800
2022-05-16,267.40122025894004,282.73170523869715,254.22575355896495,261.13629150390625,35326600
2022-05-23,262.8638952834087,280.51303304230856,254.8895153223947,280.4766540527344,21230500
2022-05-30,278.78547528876015,280.47672411440567,269.0470865128172,277.4033508300781,16090400
2022-06-06,279.5945343006334,281.4703210098776,264.11235476162926,264.6613464355469,17905200
2022-06-13,260.1959379521836,262.44691473348746,246.80917434874524,247.7241973876953,29698600
2022-06-20,250.43267523302524,259.37244089441407,242.03276985136023,258.9515380859375,24235000
2022-06-27,260.2874681210487,261.3306078784003,245.26280417300663,255.36463928222656,15927500
2022-07-04,252.0889029129389,263.51753425804566,251.6588408726674,262.126708984375,10472300
2022-07-11,260.94635232602724,270.3436600047729,255.98694140521062,267.5619812011719,13560300
2022-07-18,271.99061394591325,284.2702361204191,267.1867427155817,280.53692626953125,12168800
2022-07-25,280.72905650377976,281.3055254848153,266.99457971074617,275.3670349121094,15062500
2022-08-01,275.09264567261414,283.6298016239131,274.51617646839924,283.37359619140625,14471800
2022-08-08,285.3591058828598,288.9642993243606,277.5356691275464,288.13165283203125,13693400
2022-08-15,285.5238446832982,304.6844325599238,283.7944374465594,294.0152587890625,23558400
2022-08-22,291.05970563055877,292.5694882182916,272.6951846112147,272.7684020996094,14802500
2022-08-29,271.3684466597225,274.4154617360838,262.3554622382141,267.09527587890625,16476500
2022-09-05,270.0537458094905,278.59134640403744,264.5646317970227,276.08624267578125,12598400
2022-09-12,277.03478680252,278.90440216772726,247.65510473219774,254.16653442382812,26055700
2022-09-19,251.9654203646019,259.01104399167804,245.2790258443316,249.5340118408203,16205100
2022-09-26,249.98528690732934,261.1016864406798,244.62509739251232,254.13897705078125,23007100
2022-10-03,258.79916746434697,269.82346052650064,257.4637156778956,261.85687255859375,14996800
2022-10-10,261.15689768742743,263.993573223234,247.49857733439947,254.5902099609375,13810200
2022-10-17,257.50980304540803,266.95917778696787,246.70653855015792,253.7613525390625,18304800
2022-10-24,255.08755630191195,275.52440315234503,255.08755630191195,275.0546875,14628300
2022-10-31,271.1496681102718,278.3334053305429,255.57566646735634,261.5897521972656,21171900
2022-11-07,263.86465012344047,292.5812220544927,260.4938103825923,290.0577087402344,22442800
2022-11-14,289.52356390813827,291.61423757989576,279.2913374676315,288.4367980957031,28136100
2022-11-21,291.91813030922515,303.0805685012635,289.3762070270992,300.5939025878906,17760600
2022-11-28,299.37815584778065,303.62395065396424,286.8894857780024,302.07666015625,30820000
2022-12-05,301.2726612112698,301.6154858020208,291.34915609735435,296.94561767578125,19659400
2022-12-12,299.2806132585448,321.7498233870888,295.7967184334229,299.59564208984375,29905800
2022-12-19,296.03763338214856,298.2706592994355,287.91166533083447,295.3241882324219,13372500
2022-12-26,295.0276140655436,298.19645105723265,290.0334143129682,292.66485595703125,7319100
2023-01-02,294.1103411555766,298.82655467737607,286.30864965218535,294.2122497558594,13340900
2023-01-09,296.5009058711303,307.9810638930625,290.9044433553844,306.8876953125,13722800
2023-01-16,306.07233826633365,310.54766501427764,284.81695385710117,291.86810302734375,16025500
2023-01-23,290.5153152064745,295.81527027544905,288.2452187301474,293.4339904785156,13742700
2023-01-30,292.63714070372606,316.3942913649208,290.654305432121,307.15643310546875,17412700
2023-02-06,304.8307354477362,306.70241561311457,289.7833227186077,293.2950134277344,14704500
2023-02-13,294.0362513672991,299.96626408492756,289.9686440934104,294.6014709472656,16553500
2023-02-20,283.1120291216294,285.39140022353365,270.55708003997546,274.8748779296875,24881700
2023-02-27,277.376627483502,278.42365099623476,266.1744542653488,276.5334777832031,21233300
2023-03-06,276.11643110079234,278.0714701106862,263.2371804060941,265.2848815917969,20934800
2023-03-13,265.040813669013,272.8336672480795,262.6143209456331,269.1472473144531,26585800
2023-03-20,268.2512754850926,273.3469784237688,261.5223694789509,264.1355285644531,22046200
2023-03-27,264.81679823012104,275.8294325437369,261.2516806660146,275.4281311035156,20743900
2023-04-03,275.19481968960685,279.7958590220202,265.27410098147703,269.3525085449219,14169100
2023-04-10,267.03795972993385,278.5265718161555,266.5993193744824,272.693603515625,14797300
2023-04-17,272.23638575299447,282.96905049466557,272.0963716887164,280.0198974609375,15237500
2023-04-24,279.98253469325795,282.4930470328445,267.92460766736457,280.48651123046875,18279300
2023-05-01,279.0306684327851,279.57195559244315,266.2914373925071,270.2951965332031,17355700
2023-05-08,269.7165243013826,273.98159866650417,265.4607918019823,271.08843994140625,17175500
2023-05-15,270.5751636193801,276.1841283098936,258.60122662799944,271.4710998535156,34690200
2023-05-22,271.33103892695027,277.9012741279936,266.6273251615397,273.2908935546875,24048600
2023-05-29,273.7109658474398,276.4454555110787,261.29841633937696,276.1934814453125,32302800
2023-06-05,277.880971974719,287.1211274059206,273.8859981894566,279.5071716308594,17970000
2023-06-12,280.49417891571716,287.6193488663586,277.89040609437797,282.3553771972656,27595000
2023-06-19,281.7819503509873,285.3539442468356,280.33438045424623,282.7595520019531,17662300
2023-06-26,284.5080023797789,296.53050522976685,283.8594042116999,291.999755859375,20318600
2023-07-03,291.1912844406829,293.56005854023454,282.8347542969581,284.6395263671875,11759500
2023-07-10,285.00617901440035,301.98246756965796,285.00617901440035,297.5080871582031,17638700
2023-07-17,296.7748366842097,302.5746109154128,293.400262464157,301.23980712890625,12454800
2023-07-24,301.7098478366135,313.4315730960209,301.6910582854081,311.48577880859375,13837600
2023-07-31,311.74899378201223,314.86978064081484,305.8082250189195,306.84222412109375,14032700
2023-08-07,307.57542324534376,312.92399130526144,303.98466803073353,311.24139404296875,14266000
2023-08-14,311.5703711830212,317.87775092888137,304.96221518969503,307.7257995605469,20946700
2023-08-21,307.0113659643004,309.25796495024895,301.92602467216295,303.48638916015625,13328000
2023-08-28,303.8060244858272,313.44096147025095,303.4958104502733,313.0931396484375,12216400
2023-09-04,313.9195005152158,314.3546508569858,306.786678244171,310.9585266113281,11005400
2023-09-11,311.50723154782,312.4626684918988,303.0310811427614,304.0433044433594,16668000
2023-09-18,302.87026711452785,304.27979277395235,288.9641059051185,289.21954345703125,12892600
2023-09-25,288.0654440536375,290.69531353951453,283.6287175337566,285.84234619140625,12923900
2023-10-02,284.29090122605703,287.06269333541815,271.869989533565,277.0067443847656,14764100
2023-10-09,274.62276541367913,284.6030455564174,274.036252217728,276.1553039550781,11978100
2023-10-16,278.52978428466787,282.2570133624962,268.29409369287487,270.9429016113281,13340700
2023-10-23,270.3847240549241,272.6834885999523,259.44900692575055,261.5301818847656,14274400
2023-10-30,262.4856641866474,281.7272305715429,262.0031967073422,279.6460266113281,15557600
2023-11-06,278.83249230937975,281.9164504023471,271.30236760647625,275.8431396484375,15686800
2023-11-13,272.24839461656177,292.24674956621834,271.7280791170307,290.6763916015625,22409700
2023-11-20,290.6006854161039,294.56441330988537,286.012596328723,293.921142578125,10569600
2023-11-27,293.9116337902743,302.81346368042216,291.92503550901733,302.359375,17300600
2023-12-04,304.3897346459685,312.6656484737083,303.76118091765375,310.913330078125,15760100
2023-12-11,314.0941218713004,337.49333636449006,313.1417731729699,337.1314392089844,31044400
2023-12-18,336.85526900807326,338.0076319238847,330.1697912303428,331.979248046875,17158800
2023-12-25,331.8268889189395,333.4077914312682,326.67467836883264,330.0364685058594,17534900
2024-01-01,327.8079832959035,330.7507376989169,320.5510898468478,326.5985107421875,12459900
2024-01-08,327.06507836565413,343.7978505315546,326.89366258990617,338.7599182128906,14670100
2024-01-15,340.9979936466196,345.6644967437952,337.1600293179915,345.1407165527344,12060800
2024-01-22,342.2360405225555,344.2359787550699,330.5316950482743,338.3695068359375,17598400
2024-01-29,338.22664839881946,342.97888836328246,333.34109472402764,340.2075500488281,14583100
2024-02-05,336.807618782748,348.2262695158021,334.0458135781861,345.84539794921875,12883100
2024-02-12,346.86447522217304,351.1500447495696,337.0171922846051,345.0835876464844,15787500
2024-02-19,338.3790256454116,356.4165129547516,337.6647640964041,354.2356262207031,14893500
2024-02-26,355.7117953830591,366.7495140466663,352.9499607226489,366.1304931640625,14680100
2024-03-04,364.6543055195841,366.2066385256176,354.36895135128475,355.55938720703125,12658300
2024-03-11,355.97103659716146,366.65322766041675,353.39389437569486,357.57098388671875,22551100
2024-03-18,360.69419662836555,380.21914995823244,355.5686814858519,373.9056396484375,16822900
2024-03-25,372.77516579622227,373.5032598228181,363.4821213295525,367.50592041015625,12048800
2024-04-01,365.46526555454346,367.0652128607367,341.08301940190876,342.85540771484375,21331700
2024-04-08,343.0469986843388,349.1593272286799,327.18178421651055,328.4847106933594,19822400
2024-04-15,331.40677191126076,331.5600333051196,317.4288766910421,321.289794921875,19802400
2024-04-22,324.0298426946511,325.9171917081595,313.18477090903735,321.0311584472656,17092500
2024-04-29,320.94492069034794,332.3264944960649,315.608605589106,328.465576171875,16163500
2024-05-06,331.48343357865673,335.13358118746874,323.4646049067437,331.8953857421875,16635100
2024-05-13,333.45703259288376,335.73718363392845,319.0288818948153,329.7685546875,19901600
2024-05-20,326.81778199388316,328.17818904844853,310.8088637916822,311.4603271484375,18294900
2024-05-27,311.73818922719624,321.1078655320952,310.18613220286153,320.8204345703125,15793300
2024-06-03,321.8737370360035,321.8737370360035,312.4968055984657,315.4873962402344,15995200
2024-06-10,315.4584660807815,338.1193721590337,314.97611368616253,334.59820556640625,16704700
2024-06-17,332.7170107067228,343.83039800472926,332.244285394741,343.2419128417969,16592800
2024-06-24,344.30313193321086,345.0652569568092,322.72269059979857,332.0899658203125,21780400
2024-07-01,331.7813042456368,332.4855199427166,319.93472989096915,322.77093505859375,10810000
2024-07-08,324.02505581132203,351.1043268534537,323.176110869312,347.07183837890625,17218700
2024-07-15,346.464069532716,362.47814443683825,342.49911779861185,350.53509521484375,14955000
2024-07-22,351.6348507490053,354.31672854280635,337.00026801232,346.82098388671875,15829700
2024-07-29,346.5315926231824,359.3428708072392,334.50172294856986,342.885009765625,15980600
2024-08-05,338.4956462640963,346.001048903416,329.29235364884215,336.334716796875,15994000
2024-08-12,338.38945122209805,352.5127419195104,327.39182371863376,349.2809753417969,21917700
2024-08-19,349.70548351133425,363.0377106656683,347.7760739471338,362.3334655761719,19205400
2024-08-26,363.7708362547486,365.2178933084582,352.0014565488478,355.4936828613281,12365800
2024-09-02,357.070595743293,358.50704155292107,347.05436517936755,349.45166015625,11837400
2024-09-09,352.0818558563402,370.7555003761792,349.4322050990927,368.8046569824219,13355100
2024-09-16,370.75556456973703,381.1114987382353,368.3582695512299,378.3841857910156,19712500
2024-09-23,379.32561047885065,391.66150334690207,375.8607186381528,387.76953125,14649100
2024-09-30,388.4197915525753,400.81388530450937,387.27450332466105,396.3395690917969,17659200
2024-10-07,392.97172568217405,407.66605124085817,389.42914290442474,399.7753601074219,16347700
2024-10-14,399.3677435377949,409.15101704993344,399.19301948171244,402.78411865234375,12661100
2024-10-21,403.8226397747112,404.29820673802504,384.5472200302773,387.1677551269531,15836900
2024-10-28,391.5741252199007,393.8937581781728,377.5979775126892,381.0337829589844,15001200
2024-11-04,380.4126432719715,394.4372779409785,370.4837610196225,393.9519958496094,20092200
2024-11-11,395.7669515998769,403.77410621808866,390.35121641785554,396.1648864746094,19389300
2024-11-18,393.56378202892483,407.7728560955042,387.6045036398939,407.636962890625,20020600
2024-11-25,412.48976477435355,426.436766905406,411.96565183865715,416.4981994628906,11625000
2024-12-02,418.56466865679073,425.1504763804116,412.8667289548652,420.87701416015625,12984800
2024-12-09,421.83319011711575,425.74562752807316,403.1294829246773,406.8370666503906,17315200
2024-12-16,407.685877494236,408.30055761802055,373.73236356695355,383.0500793457031,23454100
2024-12-23,381.586573365139,386.50398466755337,377.61556818952516,383.3037414550781,7088600
2024-12-30,381.03042427506983,383.1183834382527,376.2983937290538,379.7132568359375,9271700
2025-01-06,381.00115342023224,384.4062502313007,370.85413761965884,380.406005859375,13720700
2025-01-13,380.5035496953155,404.3685857713126,378.26927499609843,399.4219055175781,17037800
2025-01-20,402.9538152347284,409.99819062911513,398.8071960706906,404.4173278808594,13359600
2025-01-27,404.80760337225746,415.82298386961753,400.3390244012524,401.9586486816406,14744700
2025-02-03,396.24119096288587,407.6273331739435,391.2555051905767,397.4607849121094,11813000
2025-02-10,400.6512549020923,407.8322096604567,392.3384836298915,399.5389709472656,13518700
2025-02-17,398.3779387126372,398.9243144428682,374.56170349668815,375.9276428222656,15764500
2025-02-24,376.6984334522256,391.2555205009017,369.0003716266181,386.9527893066406,23506000
2025-03-03,387.29424614887654,387.41132239783366,359.92654149598064,367.6343688964844,19358600
2025-03-10,368.2588312665846,373.80065897656795,336.86161206274534,342.7644348144531,23664900
2025-03-17,345.3815166572114,355.2099841305356,340.0008751595685,344.7825622558594,21276300
2025-03-24,348.1896203213674,358.5875867498433,347.8557891854167,351.6556091308594,15980400
2025-03-31,347.0899252754796,365.5588379969626,342.7108075926724,347.482666015625,23428100
2025-04-07,338.0567748769786,349.58391310848083,320.392998245194,347.44342041015625,27762700
2025-04-14,351.31194866000124,354.88595839427063,338.0764026344506,348.62164306640625,11594500
2025-04-21,347.8656267908523,358.2243104334128,335.60208903162123,351.095947265625,15661700
2025-04-28,351.4985058499508,359.58910911119807,345.9902471759489,357.91009521484375,14484800
2025-05-05,355.56349542188144,362.6132931698765,350.6541605058622,356.1329650878906,12526900
2025-05-12,368.2000551557259,374.2581865808016,364.1056573581475,373.875244140625,15105200
2025-05-19,367.4048088421836,382.6826567036993,354.6012549912288,356.1329650878906,20753900
2025-05-26,359.25528089268886,364.41988021651156,357.45844775341357,361.61175537109375,14129800
2025-06-02,358.52869626274247,368.56337728344397,355.27871918715226,360.6691589355469,12969000
2025-06-09,362.90069353827084,364.69880392440274,348.5553677922958,350.39300537109375,15714400
2025-06-16,351.5983293791513,352.81351166545005,341.6395873304954,345.41363525390625,20429100
2025-06-23,345.7594262003391,365.6966284290094,344.32685944622335,364.3035888671875,20803200
2025-06-30,364.8371024419212,375.1218608503062,358.5832734580723,367.2082214355469,15338300
2025-07-07,366.53638788387764,373.39289307735027,360.3418349859184,365.6175842285156,16119600
2025-07-14,366.02270020685177,366.82295254102803,348.21948272948094,355.07598876953125,17100100
2025-07-21,356.3800898837543,373.3336373078307,355.51067255681494,370.8241882324219,15146300
2025-07-28,369.24345294945806,376.495140387935,361.34959181535,369.1644287109375,16204900
2025-08-04,370.3302317249166,386.74040962980735,369.1940736032432,383.1837158203125,13348200
2025-08-11,385.2880512585717,402.91340955860755,378.6883973121501,394.574951171875,18146200
2025-08-18,391.79875486728827,409.5130264344958,387.7876043545346,407.8236083984375,24459000
2025-08-25,405.4228417922329,406.73685711401123,399.8408243846169,401.87603759765625,15510100
2025-09-01,398.8232428410775,415.34208258576433,397.9044390819043,413.9095458984375,16082400
2025-09-08,415.8106173793596,422.48743424046023,409.09404907796164,419.97369384765625,20477000
2025-09-15,419.75510560574827,424.0076000654855,412.43247188077345,413.0186767578125,23778700
2025-09-22,411.44883720962315,412.2139084514879,402.40733976712295,407.4546813964844,13344900
2025-09-29,407.41493260513425,408.30917329996237,390.1068936474372,392.5212707519531,15923800
2025-10-06,391.9648665315853,391.9648665315853,372.37158986117817,373.3353576660156,14990800
2025-10-13,376.6340229263854,391.83568974742127,374.76609935434374,389.3815612792969,16457300
2025-10-20,388.8947137342057,391.1004487208879,378.8496671321984,384.1950988769531,13119100
2025-10-27,385.2085643585545,387.5037173510762,372.60011073913523,377.1506652832031,14318700
2025-11-03,374.58726837378913,381.2143886456581,365.1880383859799,368.72515869140625,16639100
2025-11-10,367.41364812991685,373.58373267152956,357.48782567784053,360.0313720703125,15489100
2025-11-17,358.8093167552632,361.44228130140147,329.24055031034,341.11376953125,34357300
2025-11-24,340.0009657729411,355.5304987642225,334.38724955758414,354.6263732910156,19086400
2025-12-01,351.77477787748984,359.9618462849578,347.28383539446713,352.3311767578125,23221100
2025-12-08,351.95001220703125,362.7200012207031,344.0,359.6499938964844,29123200
2025-12-15,359.3900146484375,366.29998779296875,344.9200134277344,345.0,29390600
2025-12-22,345.30999755859375,350.04998779296875,341.94000244140625,349.7799987792969,10552600
2025-12-29,350.0,350.32000732421875,340.9200134277344,345.82000732421875,12263100
2026-01-05,342.70001220703125,375.489990234375,337.7099914550781,374.6400146484375,26138300
2026-01-12,374.6400146484375,382.7699890136719,369.25,380.1700134277344,22304600
2026-01-19,372.239990234375,390.6000061035156,371.29998779296875,383.7699890136719,18489900
2026-01-26,385.0,387.4200134277344,368.54998779296875,374.5899963378906,19322500
2026-02-02,374.239990234375,391.7799987792969,368.239990234375,385.1499938964844,24461400
2026-02-09,384.3599853515625,397.6300048828125,378.20001220703125,391.04998779296875,15839369
